borough_gss,borough_name,year,metric,value,source,geography_native,notes
E09000002,Barking and Dagenham,2011,crime_rate_per_1000,154.39,UK Police street-level crime (Met + City of London),LSOA aggregated to borough,calendar year; denominator = ONS mid-year estimate; 12 months of data
E09000002,Barking and Dagenham,2012,crime_rate_per_1000,131.25,UK Police street-level crime (Met + City of London),LSOA aggregated to borough,calendar year; denominator = ONS mid-year estimate; 12 months of data
E09000002,Barking and Dagenham,2013,crime_rate_per_1000,117.61,UK Police street-level crime (Met + City of London),LSOA aggregated to borough,calendar year; denominator = ONS mid-year estimate; 12 months of data
E09000002,Barking and Dagenham,2014,crime_rate_per_1000,104.54,UK Police street-level crime (Met + City of London),LSOA aggregated to borough,calendar year; denominator = ONS mid-year estimate; 12 months of data
E09000002,Barking and Dagenham,2015,crime_rate_per_1000,103.29,UK Police street-level crime (Met + City of London),LSOA aggregated to borough,calendar year; denominator = ONS mid-year estimate; 12 months of data
E09000002,Barking and Dagenham,2016,crime_rate_per_1000,105.99,UK Police street-level crime (Met + City of London),LSOA aggregated to borough,calendar year; denominator = ONS mid-year estimate; 12 months of data
E09000002,Barking and Dagenham,2017,crime_rate_per_1000,109.3,UK Police street-level crime (Met + City of London),LSOA aggregated to borough,calendar year; denominator = ONS mid-year estimate; 12 months of data
E09000002,Barking and Dagenham,2018,crime_rate_per_1000,103.33,UK Police street-level crime (Met + City of London),LSOA aggregated to borough,calendar year; denominator = ONS mid-year estimate; 12 months of data
E09000002,Barking and Dagenham,2019,crime_rate_per_1000,106.62,UK Police street-level crime (Met + City of London),LSOA aggregated to borough,calendar year; denominator = ONS mid-year estimate; 12 months of data
E09000002,Barking and Dagenham,2020,crime_rate_per_1000,120.2,UK Police street-level crime (Met + City of London),LSOA aggregated to borough,calendar year; denominator = ONS mid-year estimate; 12 months of data
E09000002,Barking and Dagenham,2021,crime_rate_per_1000,110.04,UK Police street-level crime (Met + City of London),LSOA aggregated to borough,calendar year; denominator = ONS mid-year estimate; 12 months of data
E09000002,Barking and Dagenham,2022,crime_rate_per_1000,112.36,UK Police street-level crime (Met + City of London),LSOA aggregated to borough,calendar year; denominator = ONS mid-year estimate; 12 months of data
E09000002,Barking and Dagenham,2023,crime_rate_per_1000,109.83,UK Police street-level crime (Met + City of London),LSOA aggregated to borough,calendar year; denominator = ONS mid-year estimate; 12 months of data
E09000002,Barking and Dagenham,2024,crime_rate_per_1000,103.71,UK Police street-level crime (Met + City of London),LSOA aggregated to borough,calendar year; denominator = ONS mid-year estimate; 12 months of data
E09000003,Barnet,2011,crime_rate_per_1000,112.22,UK Police street-level crime (Met + City of London),LSOA aggregated to borough,calendar year; denominator = ONS mid-year estimate; 12 months of data
E09000003,Barnet,2012,crime_rate_per_1000,103.28,UK Police street-level crime (Met + City of London),LSOA aggregated to borough,calendar year; denominator = ONS mid-year estimate; 12 months of data
E09000003,Barnet,2013,crime_rate_per_1000,89.91,UK Police street-level crime (Met + City of London),LSOA aggregated to borough,calendar year; denominator = ONS mid-year estimate; 12 months of data
E09000003,Barnet,2014,crime_rate_per_1000,85.45,UK Police street-level crime (Met + City of London),LSOA aggregated to borough,calendar year; denominator = ONS mid-year estimate; 12 months of data
E09000003,Barnet,2015,crime_rate_per_1000,84.81,UK Police street-level crime (Met + City of London),LSOA aggregated to borough,calendar year; denominator = ONS mid-year estimate; 12 months of data
E09000003,Barnet,2016,crime_rate_per_1000,86.93,UK Police street-level crime (Met + City of London),LSOA aggregated to borough,calendar year; denominator = ONS mid-year estimate; 12 months of data
E09000003,Barnet,2017,crime_rate_per_1000,87.38,UK Police street-level crime (Met + City of London),LSOA aggregated to borough,calendar year; denominator = ONS mid-year estimate; 12 months of data
E09000003,Barnet,2018,crime_rate_per_1000,89.66,UK Police street-level crime (Met + City of London),LSOA aggregated to borough,calendar year; denominator = ONS mid-year estimate; 12 months of data
E09000003,Barnet,2019,crime_rate_per_1000,96.54,UK Police street-level crime (Met + City of London),LSOA aggregated to borough,calendar year; denominator = ONS mid-year estimate; 12 months of data
E09000003,Barnet,2020,crime_rate_per_1000,105.04,UK Police street-level crime (Met + City of London),LSOA aggregated to borough,calendar year; denominator = ONS mid-year estimate; 12 months of data
E09000003,Barnet,2021,crime_rate_per_1000,96.3,UK Police street-level crime (Met + City of London),LSOA aggregated to borough,calendar year; denominator = ONS mid-year estimate; 12 months of data
E09000003,Barnet,2022,crime_rate_per_1000,93,UK Police street-level crime (Met + City of London),LSOA aggregated to borough,calendar year; denominator = ONS mid-year estimate; 12 months of data
E09000003,Barnet,2023,crime_rate_per_1000,90.21,UK Police street-level crime (Met + City of London),LSOA aggregated to borough,calendar year; denominator = ONS mid-year estimate; 12 months of data
E09000003,Barnet,2024,crime_rate_per_1000,88.75,UK Police street-level crime (Met + City of London),LSOA aggregated to borough,calendar year; denominator = ONS mid-year estimate; 12 months of data
E09000004,Bexley,2011,crime_rate_per_1000,86.03,UK Police street-level crime (Met + City of London),LSOA aggregated to borough,calendar year; denominator = ONS mid-year estimate; 12 months of data
E09000004,Bexley,2012,crime_rate_per_1000,81.65,UK Police street-level crime (Met + City of London),LSOA aggregated to borough,calendar year; denominator = ONS mid-year estimate; 12 months of data
E09000004,Bexley,2013,crime_rate_per_1000,74.71,UK Police street-level crime (Met + City of London),LSOA aggregated to borough,calendar year; denominator = ONS mid-year estimate; 12 months of data
E09000004,Bexley,2014,crime_rate_per_1000,70.19,UK Police street-level crime (Met + City of London),LSOA aggregated to borough,calendar year; denominator = ONS mid-year estimate; 12 months of data
E09000004,Bexley,2015,crime_rate_per_1000,66.89,UK Police street-level crime (Met + City of London),LSOA aggregated to borough,calendar year; denominator = ONS mid-year estimate; 12 months of data
E09000004,Bexley,2016,crime_rate_per_1000,71.69,UK Police street-level crime (Met + City of London),LSOA aggregated to borough,calendar year; denominator = ONS mid-year estimate; 12 months of data
E09000004,Bexley,2017,crime_rate_per_1000,78,UK Police street-level crime (Met + City of London),LSOA aggregated to borough,calendar year; denominator = ONS mid-year estimate; 12 months of data
E09000004,Bexley,2018,crime_rate_per_1000,78.16,UK Police street-level crime (Met + City of London),LSOA aggregated to borough,calendar year; denominator = ONS mid-year estimate; 12 months of data
E09000004,Bexley,2019,crime_rate_per_1000,86.51,UK Police street-level crime (Met + City of London),LSOA aggregated to borough,calendar year; denominator = ONS mid-year estimate; 12 months of data
E09000004,Bexley,2020,crime_rate_per_1000,92.99,UK Police street-level crime (Met + City of London),LSOA aggregated to borough,calendar year; denominator = ONS mid-year estimate; 12 months of data
E09000004,Bexley,2021,crime_rate_per_1000,81.3,UK Police street-level crime (Met + City of London),LSOA aggregated to borough,calendar year; denominator = ONS mid-year estimate; 12 months of data
E09000004,Bexley,2022,crime_rate_per_1000,80.99,UK Police street-level crime (Met + City of London),LSOA aggregated to borough,calendar year; denominator = ONS mid-year estimate; 12 months of data
E09000004,Bexley,2023,crime_rate_per_1000,78.99,UK Police street-level crime (Met + City of London),LSOA aggregated to borough,calendar year; denominator = ONS mid-year estimate; 12 months of data
E09000004,Bexley,2024,crime_rate_per_1000,78.92,UK Police street-level crime (Met + City of London),LSOA aggregated to borough,calendar year; denominator = ONS mid-year estimate; 12 months of data
E09000005,Brent,2011,crime_rate_per_1000,144.86,UK Police street-level crime (Met + City of London),LSOA aggregated to borough,calendar year; denominator = ONS mid-year estimate; 12 months of data
E09000005,Brent,2012,crime_rate_per_1000,127.19,UK Police street-level crime (Met + City of London),LSOA aggregated to borough,calendar year; denominator = ONS mid-year estimate; 12 months of data
E09000005,Brent,2013,crime_rate_per_1000,104.62,UK Police street-level crime (Met + City of London),LSOA aggregated to borough,calendar year; denominator = ONS mid-year estimate; 12 months of data
E09000005,Brent,2014,crime_rate_per_1000,103.14,UK Police street-level crime (Met + City of London),LSOA aggregated to borough,calendar year; denominator = ONS mid-year estimate; 12 months of data
E09000005,Brent,2015,crime_rate_per_1000,99.24,UK Police street-level crime (Met + City of London),LSOA aggregated to borough,calendar year; denominator = ONS mid-year estimate; 12 months of data
E09000005,Brent,2016,crime_rate_per_1000,107.33,UK Police street-level crime (Met + City of London),LSOA aggregated to borough,calendar year; denominator = ONS mid-year estimate; 12 months of data
E09000005,Brent,2017,crime_rate_per_1000,110.77,UK Police street-level crime (Met + City of London),LSOA aggregated to borough,calendar year; denominator = ONS mid-year estimate; 12 months of data
E09000005,Brent,2018,crime_rate_per_1000,111.63,UK Police street-level crime (Met + City of London),LSOA aggregated to borough,calendar year; denominator = ONS mid-year estimate; 12 months of data
E09000005,Brent,2019,crime_rate_per_1000,109.13,UK Police street-level crime (Met + City of London),LSOA aggregated to borough,calendar year; denominator = ONS mid-year estimate; 12 months of data
E09000005,Brent,2020,crime_rate_per_1000,126.89,UK Police street-level crime (Met + City of London),LSOA aggregated to borough,calendar year; denominator = ONS mid-year estimate; 12 months of data
E09000005,Brent,2021,crime_rate_per_1000,113.42,UK Police street-level crime (Met + City of London),LSOA aggregated to borough,calendar year; denominator = ONS mid-year estimate; 12 months of data
E09000005,Brent,2022,crime_rate_per_1000,115.71,UK Police street-level crime (Met + City of London),LSOA aggregated to borough,calendar year; denominator = ONS mid-year estimate; 12 months of data
E09000005,Brent,2023,crime_rate_per_1000,115.79,UK Police street-level crime (Met + City of London),LSOA aggregated to borough,calendar year; denominator = ONS mid-year estimate; 12 months of data
E09000005,Brent,2024,crime_rate_per_1000,120.23,UK Police street-level crime (Met + City of London),LSOA aggregated to borough,calendar year; denominator = ONS mid-year estimate; 12 months of data
E09000006,Bromley,2011,crime_rate_per_1000,108.67,UK Police street-level crime (Met + City of London),LSOA aggregated to borough,calendar year; denominator = ONS mid-year estimate; 12 months of data
E09000006,Bromley,2012,crime_rate_per_1000,95.1,UK Police street-level crime (Met + City of London),LSOA aggregated to borough,calendar year; denominator = ONS mid-year estimate; 12 months of data
E09000006,Bromley,2013,crime_rate_per_1000,84.96,UK Police street-level crime (Met + City of London),LSOA aggregated to borough,calendar year; denominator = ONS mid-year estimate; 12 months of data
E09000006,Bromley,2014,crime_rate_per_1000,81.07,UK Police street-level crime (Met + City of London),LSOA aggregated to borough,calendar year; denominator = ONS mid-year estimate; 12 months of data
E09000006,Bromley,2015,crime_rate_per_1000,80.78,UK Police street-level crime (Met + City of London),LSOA aggregated to borough,calendar year; denominator = ONS mid-year estimate; 12 months of data
E09000006,Bromley,2016,crime_rate_per_1000,80.78,UK Police street-level crime (Met + City of London),LSOA aggregated to borough,calendar year; denominator = ONS mid-year estimate; 12 months of data
E09000006,Bromley,2017,crime_rate_per_1000,85.18,UK Police street-level crime (Met + City of London),LSOA aggregated to borough,calendar year; denominator = ONS mid-year estimate; 12 months of data
E09000006,Bromley,2018,crime_rate_per_1000,84.35,UK Police street-level crime (Met + City of London),LSOA aggregated to borough,calendar year; denominator = ONS mid-year estimate; 12 months of data
E09000006,Bromley,2019,crime_rate_per_1000,88.94,UK Police street-level crime (Met + City of London),LSOA aggregated to borough,calendar year; denominator = ONS mid-year estimate; 12 months of data
E09000006,Bromley,2020,crime_rate_per_1000,96.84,UK Police street-level crime (Met + City of London),LSOA aggregated to borough,calendar year; denominator = ONS mid-year estimate; 12 months of data
E09000006,Bromley,2021,crime_rate_per_1000,88.23,UK Police street-level crime (Met + City of London),LSOA aggregated to borough,calendar year; denominator = ONS mid-year estimate; 12 months of data
E09000006,Bromley,2022,crime_rate_per_1000,85.61,UK Police street-level crime (Met + City of London),LSOA aggregated to borough,calendar year; denominator = ONS mid-year estimate; 12 months of data
E09000006,Bromley,2023,crime_rate_per_1000,85.91,UK Police street-level crime (Met + City of London),LSOA aggregated to borough,calendar year; denominator = ONS mid-year estimate; 12 months of data
E09000006,Bromley,2024,crime_rate_per_1000,86.86,UK Police street-level crime (Met + City of London),LSOA aggregated to borough,calendar year; denominator = ONS mid-year estimate; 12 months of data
E09000007,Camden,2011,crime_rate_per_1000,229,UK Police street-level crime (Met + City of London),LSOA aggregated to borough,calendar year; denominator = ONS mid-year estimate; 12 months of data
E09000007,Camden,2012,crime_rate_per_1000,207.94,UK Police street-level crime (Met + City of London),LSOA aggregated to borough,calendar year; denominator = ONS mid-year estimate; 12 months of data
E09000007,Camden,2013,crime_rate_per_1000,173.41,UK Police street-level crime (Met + City of London),LSOA aggregated to borough,calendar year; denominator = ONS mid-year estimate; 12 months of data
E09000007,Camden,2014,crime_rate_per_1000,163.25,UK Police street-level crime (Met + City of London),LSOA aggregated to borough,calendar year; denominator = ONS mid-year estimate; 12 months of data
E09000007,Camden,2015,crime_rate_per_1000,169.86,UK Police street-level crime (Met + City of London),LSOA aggregated to borough,calendar year; denominator = ONS mid-year estimate; 12 months of data
E09000007,Camden,2016,crime_rate_per_1000,175.37,UK Police street-level crime (Met + City of London),LSOA aggregated to borough,calendar year; denominator = ONS mid-year estimate; 12 months of data
E09000007,Camden,2017,crime_rate_per_1000,211.26,UK Police street-level crime (Met + City of London),LSOA aggregated to borough,calendar year; denominator = ONS mid-year estimate; 12 months of data
E09000007,Camden,2018,crime_rate_per_1000,204.13,UK Police street-level crime (Met + City of London),LSOA aggregated to borough,calendar year; denominator = ONS mid-year estimate; 12 months of data
E09000007,Camden,2019,crime_rate_per_1000,216.74,UK Police street-level crime (Met + City of London),LSOA aggregated to borough,calendar year; denominator = ONS mid-year estimate; 12 months of data
E09000007,Camden,2020,crime_rate_per_1000,199.32,UK Police street-level crime (Met + City of London),LSOA aggregated to borough,calendar year; denominator = ONS mid-year estimate; 12 months of data
E09000007,Camden,2021,crime_rate_per_1000,180.2,UK Police street-level crime (Met + City of London),LSOA aggregated to borough,calendar year; denominator = ONS mid-year estimate; 12 months of data
E09000007,Camden,2022,crime_rate_per_1000,201.89,UK Police street-level crime (Met + City of London),LSOA aggregated to borough,calendar year; denominator = ONS mid-year estimate; 12 months of data
E09000007,Camden,2023,crime_rate_per_1000,224.76,UK Police street-level crime (Met + City of London),LSOA aggregated to borough,calendar year; denominator = ONS mid-year estimate; 12 months of data
E09000007,Camden,2024,crime_rate_per_1000,234.95,UK Police street-level crime (Met + City of London),LSOA aggregated to borough,calendar year; denominator = ONS mid-year estimate; 12 months of data
E09000001,City of London,2011,crime_rate_per_1000,1010.93,UK Police street-level crime (Met + City of London),LSOA aggregated to borough,calendar year; denominator = ONS mid-year estimate; 12 months of data
E09000001,City of London,2012,crime_rate_per_1000,969.92,UK Police street-level crime (Met + City of London),LSOA aggregated to borough,calendar year; denominator = ONS mid-year estimate; 12 months of data
E09000001,City of London,2013,crime_rate_per_1000,857.9,UK Police street-level crime (Met + City of London),LSOA aggregated to borough,calendar year; denominator = ONS mid-year estimate; 12 months of data
E09000001,City of London,2014,crime_rate_per_1000,844.85,UK Police street-level crime (Met + City of London),LSOA aggregated to borough,calendar year; denominator = ONS mid-year estimate; 12 months of data
E09000001,City of London,2015,crime_rate_per_1000,791.21,UK Police street-level crime (Met + City of London),LSOA aggregated to borough,calendar year; denominator = ONS mid-year estimate; 12 months of data
E09000001,City of London,2016,crime_rate_per_1000,855.24,UK Police street-level crime (Met + City of London),LSOA aggregated to borough,calendar year; denominator = ONS mid-year estimate; 12 months of data
E09000001,City of London,2017,crime_rate_per_1000,928.15,UK Police street-level crime (Met + City of London),LSOA aggregated to borough,calendar year; denominator = ONS mid-year estimate; 12 months of data
E09000001,City of London,2018,crime_rate_per_1000,1009.68,UK Police street-level crime (Met + City of London),LSOA aggregated to borough,calendar year; denominator = ONS mid-year estimate; 12 months of data
E09000001,City of London,2019,crime_rate_per_1000,1132.92,UK Police street-level crime (Met + City of London),LSOA aggregated to borough,calendar year; denominator = ONS mid-year estimate; 12 months of data
E09000001,City of London,2020,crime_rate_per_1000,679.15,UK Police street-level crime (Met + City of London),LSOA aggregated to borough,calendar year; denominator = ONS mid-year estimate; 12 months of data
E09000001,City of London,2021,crime_rate_per_1000,738.29,UK Police street-level crime (Met + City of London),LSOA aggregated to borough,calendar year; denominator = ONS mid-year estimate; 12 months of data
E09000001,City of London,2022,crime_rate_per_1000,765.3,UK Police street-level crime (Met + City of London),LSOA aggregated to borough,calendar year; denominator = ONS mid-year estimate; 12 months of data
E09000001,City of London,2023,crime_rate_per_1000,698.37,UK Police street-level crime (Met + City of London),LSOA aggregated to borough,calendar year; denominator = ONS mid-year estimate; 12 months of data
E09000001,City of London,2024,crime_rate_per_1000,670.97,UK Police street-level crime (Met + City of London),LSOA aggregated to borough,calendar year; denominator = ONS mid-year estimate; 12 months of data
E09000008,Croydon,2011,crime_rate_per_1000,132.87,UK Police street-level crime (Met + City of London),LSOA aggregated to borough,calendar year; denominator = ONS mid-year estimate; 12 months of data
E09000008,Croydon,2012,crime_rate_per_1000,124.95,UK Police street-level crime (Met + City of London),LSOA aggregated to borough,calendar year; denominator = ONS mid-year estimate; 12 months of data
E09000008,Croydon,2013,crime_rate_per_1000,106.81,UK Police street-level crime (Met + City of London),LSOA aggregated to borough,calendar year; denominator = ONS mid-year estimate; 12 months of data
E09000008,Croydon,2014,crime_rate_per_1000,97.1,UK Police street-level crime (Met + City of London),LSOA aggregated to borough,calendar year; denominator = ONS mid-year estimate; 12 months of data
E09000008,Croydon,2015,crime_rate_per_1000,94.44,UK Police street-level crime (Met + City of London),LSOA aggregated to borough,calendar year; denominator = ONS mid-year estimate; 12 months of data
E09000008,Croydon,2016,crime_rate_per_1000,99.04,UK Police street-level crime (Met + City of London),LSOA aggregated to borough,calendar year; denominator = ONS mid-year estimate; 12 months of data
E09000008,Croydon,2017,crime_rate_per_1000,97.67,UK Police street-level crime (Met + City of London),LSOA aggregated to borough,calendar year; denominator = ONS mid-year estimate; 12 months of data
E09000008,Croydon,2018,crime_rate_per_1000,97.58,UK Police street-level crime (Met + City of London),LSOA aggregated to borough,calendar year; denominator = ONS mid-year estimate; 12 months of data
E09000008,Croydon,2019,crime_rate_per_1000,101.1,UK Police street-level crime (Met + City of London),LSOA aggregated to borough,calendar year; denominator = ONS mid-year estimate; 12 months of data
E09000008,Croydon,2020,crime_rate_per_1000,119.65,UK Police street-level crime (Met + City of London),LSOA aggregated to borough,calendar year; denominator = ONS mid-year estimate; 12 months of data
E09000008,Croydon,2021,crime_rate_per_1000,109.3,UK Police street-level crime (Met + City of London),LSOA aggregated to borough,calendar year; denominator = ONS mid-year estimate; 12 months of data
E09000008,Croydon,2022,crime_rate_per_1000,107.48,UK Police street-level crime (Met + City of London),LSOA aggregated to borough,calendar year; denominator = ONS mid-year estimate; 12 months of data
E09000008,Croydon,2023,crime_rate_per_1000,101.57,UK Police street-level crime (Met + City of London),LSOA aggregated to borough,calendar year; denominator = ONS mid-year estimate; 12 months of data
E09000008,Croydon,2024,crime_rate_per_1000,106.26,UK Police street-level crime (Met + City of London),LSOA aggregated to borough,calendar year; denominator = ONS mid-year estimate; 12 months of data
E09000009,Ealing,2011,crime_rate_per_1000,150.01,UK Police street-level crime (Met + City of London),LSOA aggregated to borough,calendar year; denominator = ONS mid-year estimate; 12 months of data
E09000009,Ealing,2012,crime_rate_per_1000,129.35,UK Police street-level crime (Met + City of London),LSOA aggregated to borough,calendar year; denominator = ONS mid-year estimate; 12 months of data
E09000009,Ealing,2013,crime_rate_per_1000,108.36,UK Police street-level crime (Met + City of London),LSOA aggregated to borough,calendar year; denominator = ONS mid-year estimate; 12 months of data
E09000009,Ealing,2014,crime_rate_per_1000,100.29,UK Police street-level crime (Met + City of London),LSOA aggregated to borough,calendar year; denominator = ONS mid-year estimate; 12 months of data
E09000009,Ealing,2015,crime_rate_per_1000,100.37,UK Police street-level crime (Met + City of London),LSOA aggregated to borough,calendar year; denominator = ONS mid-year estimate; 12 months of data
E09000009,Ealing,2016,crime_rate_per_1000,103.51,UK Police street-level crime (Met + City of London),LSOA aggregated to borough,calendar year; denominator = ONS mid-year estimate; 12 months of data
E09000009,Ealing,2017,crime_rate_per_1000,102.78,UK Police street-level crime (Met + City of London),LSOA aggregated to borough,calendar year; denominator = ONS mid-year estimate; 12 months of data
E09000009,Ealing,2018,crime_rate_per_1000,102.05,UK Police street-level crime (Met + City of London),LSOA aggregated to borough,calendar year; denominator = ONS mid-year estimate; 12 months of data
E09000009,Ealing,2019,crime_rate_per_1000,108.3,UK Police street-level crime (Met + City of London),LSOA aggregated to borough,calendar year; denominator = ONS mid-year estimate; 12 months of data
E09000009,Ealing,2020,crime_rate_per_1000,121.34,UK Police street-level crime (Met + City of London),LSOA aggregated to borough,calendar year; denominator = ONS mid-year estimate; 12 months of data
E09000009,Ealing,2021,crime_rate_per_1000,107.76,UK Police street-level crime (Met + City of London),LSOA aggregated to borough,calendar year; denominator = ONS mid-year estimate; 12 months of data
E09000009,Ealing,2022,crime_rate_per_1000,106.26,UK Police street-level crime (Met + City of London),LSOA aggregated to borough,calendar year; denominator = ONS mid-year estimate; 12 months of data
E09000009,Ealing,2023,crime_rate_per_1000,108.5,UK Police street-level crime (Met + City of London),LSOA aggregated to borough,calendar year; denominator = ONS mid-year estimate; 12 months of data
E09000009,Ealing,2024,crime_rate_per_1000,108.37,UK Police street-level crime (Met + City of London),LSOA aggregated to borough,calendar year; denominator = ONS mid-year estimate; 12 months of data
E09000010,Enfield,2011,crime_rate_per_1000,122.79,UK Police street-level crime (Met + City of London),LSOA aggregated to borough,calendar year; denominator = ONS mid-year estimate; 12 months of data
E09000010,Enfield,2012,crime_rate_per_1000,107.97,UK Police street-level crime (Met + City of London),LSOA aggregated to borough,calendar year; denominator = ONS mid-year estimate; 12 months of data
E09000010,Enfield,2013,crime_rate_per_1000,98.5,UK Police street-level crime (Met + City of London),LSOA aggregated to borough,calendar year; denominator = ONS mid-year estimate; 12 months of data
E09000010,Enfield,2014,crime_rate_per_1000,92.24,UK Police street-level crime (Met + City of London),LSOA aggregated to borough,calendar year; denominator = ONS mid-year estimate; 12 months of data
E09000010,Enfield,2015,crime_rate_per_1000,88.64,UK Police street-level crime (Met + City of London),LSOA aggregated to borough,calendar year; denominator = ONS mid-year estimate; 12 months of data
E09000010,Enfield,2016,crime_rate_per_1000,92.61,UK Police street-level crime (Met + City of London),LSOA aggregated to borough,calendar year; denominator = ONS mid-year estimate; 12 months of data
E09000010,Enfield,2017,crime_rate_per_1000,97.28,UK Police street-level crime (Met + City of London),LSOA aggregated to borough,calendar year; denominator = ONS mid-year estimate; 12 months of data
E09000010,Enfield,2018,crime_rate_per_1000,106.11,UK Police street-level crime (Met + City of London),LSOA aggregated to borough,calendar year; denominator = ONS mid-year estimate; 12 months of data
E09000010,Enfield,2019,crime_rate_per_1000,109.1,UK Police street-level crime (Met + City of London),LSOA aggregated to borough,calendar year; denominator = ONS mid-year estimate; 12 months of data
E09000010,Enfield,2020,crime_rate_per_1000,127.84,UK Police street-level crime (Met + City of London),LSOA aggregated to borough,calendar year; denominator = ONS mid-year estimate; 12 months of data
E09000010,Enfield,2021,crime_rate_per_1000,116.53,UK Police street-level crime (Met + City of London),LSOA aggregated to borough,calendar year; denominator = ONS mid-year estimate; 12 months of data
E09000010,Enfield,2022,crime_rate_per_1000,116.3,UK Police street-level crime (Met + City of London),LSOA aggregated to borough,calendar year; denominator = ONS mid-year estimate; 12 months of data
E09000010,Enfield,2023,crime_rate_per_1000,113.69,UK Police street-level crime (Met + City of London),LSOA aggregated to borough,calendar year; denominator = ONS mid-year estimate; 12 months of data
E09000010,Enfield,2024,crime_rate_per_1000,113.92,UK Police street-level crime (Met + City of London),LSOA aggregated to borough,calendar year; denominator = ONS mid-year estimate; 12 months of data
E09000011,Greenwich,2011,crime_rate_per_1000,137.42,UK Police street-level crime (Met + City of London),LSOA aggregated to borough,calendar year; denominator = ONS mid-year estimate; 12 months of data
E09000011,Greenwich,2012,crime_rate_per_1000,121.23,UK Police street-level crime (Met + City of London),LSOA aggregated to borough,calendar year; denominator = ONS mid-year estimate; 12 months of data
E09000011,Greenwich,2013,crime_rate_per_1000,103.71,UK Police street-level crime (Met + City of London),LSOA aggregated to borough,calendar year; denominator = ONS mid-year estimate; 12 months of data
E09000011,Greenwich,2014,crime_rate_per_1000,98.01,UK Police street-level crime (Met + City of London),LSOA aggregated to borough,calendar year; denominator = ONS mid-year estimate; 12 months of data
E09000011,Greenwich,2015,crime_rate_per_1000,97.39,UK Police street-level crime (Met + City of London),LSOA aggregated to borough,calendar year; denominator = ONS mid-year estimate; 12 months of data
E09000011,Greenwich,2016,crime_rate_per_1000,105.22,UK Police street-level crime (Met + City of London),LSOA aggregated to borough,calendar year; denominator = ONS mid-year estimate; 12 months of data
E09000011,Greenwich,2017,crime_rate_per_1000,109.77,UK Police street-level crime (Met + City of London),LSOA aggregated to borough,calendar year; denominator = ONS mid-year estimate; 12 months of data
E09000011,Greenwich,2018,crime_rate_per_1000,108.01,UK Police street-level crime (Met + City of London),LSOA aggregated to borough,calendar year; denominator = ONS mid-year estimate; 12 months of data
E09000011,Greenwich,2019,crime_rate_per_1000,114.62,UK Police street-level crime (Met + City of London),LSOA aggregated to borough,calendar year; denominator = ONS mid-year estimate; 12 months of data
E09000011,Greenwich,2020,crime_rate_per_1000,124.55,UK Police street-level crime (Met + City of London),LSOA aggregated to borough,calendar year; denominator = ONS mid-year estimate; 12 months of data
E09000011,Greenwich,2021,crime_rate_per_1000,113.63,UK Police street-level crime (Met + City of London),LSOA aggregated to borough,calendar year; denominator = ONS mid-year estimate; 12 months of data
E09000011,Greenwich,2022,crime_rate_per_1000,111.2,UK Police street-level crime (Met + City of London),LSOA aggregated to borough,calendar year; denominator = ONS mid-year estimate; 12 months of data
E09000011,Greenwich,2023,crime_rate_per_1000,113.12,UK Police street-level crime (Met + City of London),LSOA aggregated to borough,calendar year; denominator = ONS mid-year estimate; 12 months of data
E09000011,Greenwich,2024,crime_rate_per_1000,112.21,UK Police street-level crime (Met + City of London),LSOA aggregated to borough,calendar year; denominator = ONS mid-year estimate; 12 months of data
E09000012,Hackney,2011,crime_rate_per_1000,167.46,UK Police street-level crime (Met + City of London),LSOA aggregated to borough,calendar year; denominator = ONS mid-year estimate; 12 months of data
E09000012,Hackney,2012,crime_rate_per_1000,157.85,UK Police street-level crime (Met + City of London),LSOA aggregated to borough,calendar year; denominator = ONS mid-year estimate; 12 months of data
E09000012,Hackney,2013,crime_rate_per_1000,141.59,UK Police street-level crime (Met + City of London),LSOA aggregated to borough,calendar year; denominator = ONS mid-year estimate; 12 months of data
E09000012,Hackney,2014,crime_rate_per_1000,133.17,UK Police street-level crime (Met + City of London),LSOA aggregated to borough,calendar year; denominator = ONS mid-year estimate; 12 months of data
E09000012,Hackney,2015,crime_rate_per_1000,132.53,UK Police street-level crime (Met + City of London),LSOA aggregated to borough,calendar year; denominator = ONS mid-year estimate; 12 months of data
E09000012,Hackney,2016,crime_rate_per_1000,140.11,UK Police street-level crime (Met + City of London),LSOA aggregated to borough,calendar year; denominator = ONS mid-year estimate; 12 months of data
E09000012,Hackney,2017,crime_rate_per_1000,149.91,UK Police street-level crime (Met + City of London),LSOA aggregated to borough,calendar year; denominator = ONS mid-year estimate; 12 months of data
E09000012,Hackney,2018,crime_rate_per_1000,144.93,UK Police street-level crime (Met + City of London),LSOA aggregated to borough,calendar year; denominator = ONS mid-year estimate; 12 months of data
E09000012,Hackney,2019,crime_rate_per_1000,153.52,UK Police street-level crime (Met + City of London),LSOA aggregated to borough,calendar year; denominator = ONS mid-year estimate; 12 months of data
E09000012,Hackney,2020,crime_rate_per_1000,178.36,UK Police street-level crime (Met + City of London),LSOA aggregated to borough,calendar year; denominator = ONS mid-year estimate; 12 months of data
E09000012,Hackney,2021,crime_rate_per_1000,158.58,UK Police street-level crime (Met + City of London),LSOA aggregated to borough,calendar year; denominator = ONS mid-year estimate; 12 months of data
E09000012,Hackney,2022,crime_rate_per_1000,149.39,UK Police street-level crime (Met + City of London),LSOA aggregated to borough,calendar year; denominator = ONS mid-year estimate; 12 months of data
E09000012,Hackney,2023,crime_rate_per_1000,146.32,UK Police street-level crime (Met + City of London),LSOA aggregated to borough,calendar year; denominator = ONS mid-year estimate; 12 months of data
E09000012,Hackney,2024,crime_rate_per_1000,151.97,UK Police street-level crime (Met + City of London),LSOA aggregated to borough,calendar year; denominator = ONS mid-year estimate; 12 months of data
E09000013,Hammersmith and Fulham,2011,crime_rate_per_1000,188.17,UK Police street-level crime (Met + City of London),LSOA aggregated to borough,calendar year; denominator = ONS mid-year estimate; 12 months of data
E09000013,Hammersmith and Fulham,2012,crime_rate_per_1000,167.59,UK Police street-level crime (Met + City of London),LSOA aggregated to borough,calendar year; denominator = ONS mid-year estimate; 12 months of data
E09000013,Hammersmith and Fulham,2013,crime_rate_per_1000,138.59,UK Police street-level crime (Met + City of London),LSOA aggregated to borough,calendar year; denominator = ONS mid-year estimate; 12 months of data
E09000013,Hammersmith and Fulham,2014,crime_rate_per_1000,135.79,UK Police street-level crime (Met + City of London),LSOA aggregated to borough,calendar year; denominator = ONS mid-year estimate; 12 months of data
E09000013,Hammersmith and Fulham,2015,crime_rate_per_1000,136.52,UK Police street-level crime (Met + City of London),LSOA aggregated to borough,calendar year; denominator = ONS mid-year estimate; 12 months of data
E09000013,Hammersmith and Fulham,2016,crime_rate_per_1000,141.48,UK Police street-level crime (Met + City of London),LSOA aggregated to borough,calendar year; denominator = ONS mid-year estimate; 12 months of data
E09000013,Hammersmith and Fulham,2017,crime_rate_per_1000,143.99,UK Police street-level crime (Met + City of London),LSOA aggregated to borough,calendar year; denominator = ONS mid-year estimate; 12 months of data
E09000013,Hammersmith and Fulham,2018,crime_rate_per_1000,141.64,UK Police street-level crime (Met + City of London),LSOA aggregated to borough,calendar year; denominator = ONS mid-year estimate; 12 months of data
E09000013,Hammersmith and Fulham,2019,crime_rate_per_1000,144.65,UK Police street-level crime (Met + City of London),LSOA aggregated to borough,calendar year; denominator = ONS mid-year estimate; 12 months of data
E09000013,Hammersmith and Fulham,2020,crime_rate_per_1000,149.81,UK Police street-level crime (Met + City of London),LSOA aggregated to borough,calendar year; denominator = ONS mid-year estimate; 12 months of data
E09000013,Hammersmith and Fulham,2021,crime_rate_per_1000,143.76,UK Police street-level crime (Met + City of London),LSOA aggregated to borough,calendar year; denominator = ONS mid-year estimate; 12 months of data
E09000013,Hammersmith and Fulham,2022,crime_rate_per_1000,137.01,UK Police street-level crime (Met + City of London),LSOA aggregated to borough,calendar year; denominator = ONS mid-year estimate; 12 months of data
E09000013,Hammersmith and Fulham,2023,crime_rate_per_1000,142.55,UK Police street-level crime (Met + City of London),LSOA aggregated to borough,calendar year; denominator = ONS mid-year estimate; 12 months of data
E09000013,Hammersmith and Fulham,2024,crime_rate_per_1000,142.93,UK Police street-level crime (Met + City of London),LSOA aggregated to borough,calendar year; denominator = ONS mid-year estimate; 12 months of data
E09000014,Haringey,2011,crime_rate_per_1000,160.09,UK Police street-level crime (Met + City of London),LSOA aggregated to borough,calendar year; denominator = ONS mid-year estimate; 12 months of data
E09000014,Haringey,2012,crime_rate_per_1000,138.65,UK Police street-level crime (Met + City of London),LSOA aggregated to borough,calendar year; denominator = ONS mid-year estimate; 12 months of data
E09000014,Haringey,2013,crime_rate_per_1000,116.84,UK Police street-level crime (Met + City of London),LSOA aggregated to borough,calendar year; denominator = ONS mid-year estimate; 12 months of data
E09000014,Haringey,2014,crime_rate_per_1000,117.83,UK Police street-level crime (Met + City of London),LSOA aggregated to borough,calendar year; denominator = ONS mid-year estimate; 12 months of data
E09000014,Haringey,2015,crime_rate_per_1000,116.99,UK Police street-level crime (Met + City of London),LSOA aggregated to borough,calendar year; denominator = ONS mid-year estimate; 12 months of data
E09000014,Haringey,2016,crime_rate_per_1000,127.42,UK Police street-level crime (Met + City of London),LSOA aggregated to borough,calendar year; denominator = ONS mid-year estimate; 12 months of data
E09000014,Haringey,2017,crime_rate_per_1000,135.64,UK Police street-level crime (Met + City of London),LSOA aggregated to borough,calendar year; denominator = ONS mid-year estimate; 12 months of data
E09000014,Haringey,2018,crime_rate_per_1000,139.88,UK Police street-level crime (Met + City of London),LSOA aggregated to borough,calendar year; denominator = ONS mid-year estimate; 12 months of data
E09000014,Haringey,2019,crime_rate_per_1000,140.72,UK Police street-level crime (Met + City of London),LSOA aggregated to borough,calendar year; denominator = ONS mid-year estimate; 12 months of data
E09000014,Haringey,2020,crime_rate_per_1000,161.5,UK Police street-level crime (Met + City of London),LSOA aggregated to borough,calendar year; denominator = ONS mid-year estimate; 12 months of data
E09000014,Haringey,2021,crime_rate_per_1000,147.12,UK Police street-level crime (Met + City of London),LSOA aggregated to borough,calendar year; denominator = ONS mid-year estimate; 12 months of data
E09000014,Haringey,2022,crime_rate_per_1000,140.88,UK Police street-level crime (Met + City of London),LSOA aggregated to borough,calendar year; denominator = ONS mid-year estimate; 12 months of data
E09000014,Haringey,2023,crime_rate_per_1000,142.01,UK Police street-level crime (Met + City of London),LSOA aggregated to borough,calendar year; denominator = ONS mid-year estimate; 12 months of data
E09000014,Haringey,2024,crime_rate_per_1000,134.48,UK Police street-level crime (Met + City of London),LSOA aggregated to borough,calendar year; denominator = ONS mid-year estimate; 12 months of data
E09000015,Harrow,2011,crime_rate_per_1000,90.41,UK Police street-level crime (Met + City of London),LSOA aggregated to borough,calendar year; denominator = ONS mid-year estimate; 12 months of data
E09000015,Harrow,2012,crime_rate_per_1000,85.49,UK Police street-level crime (Met + City of London),LSOA aggregated to borough,calendar year; denominator = ONS mid-year estimate; 12 months of data
E09000015,Harrow,2013,crime_rate_per_1000,73.55,UK Police street-level crime (Met + City of London),LSOA aggregated to borough,calendar year; denominator = ONS mid-year estimate; 12 months of data
E09000015,Harrow,2014,crime_rate_per_1000,68.82,UK Police street-level crime (Met + City of London),LSOA aggregated to borough,calendar year; denominator = ONS mid-year estimate; 12 months of data
E09000015,Harrow,2015,crime_rate_per_1000,67.48,UK Police street-level crime (Met + City of London),LSOA aggregated to borough,calendar year; denominator = ONS mid-year estimate; 12 months of data
E09000015,Harrow,2016,crime_rate_per_1000,70.51,UK Police street-level crime (Met + City of London),LSOA aggregated to borough,calendar year; denominator = ONS mid-year estimate; 12 months of data
E09000015,Harrow,2017,crime_rate_per_1000,70.22,UK Police street-level crime (Met + City of London),LSOA aggregated to borough,calendar year; denominator = ONS mid-year estimate; 12 months of data
E09000015,Harrow,2018,crime_rate_per_1000,73.92,UK Police street-level crime (Met + City of London),LSOA aggregated to borough,calendar year; denominator = ONS mid-year estimate; 12 months of data
E09000015,Harrow,2019,crime_rate_per_1000,82.23,UK Police street-level crime (Met + City of London),LSOA aggregated to borough,calendar year; denominator = ONS mid-year estimate; 12 months of data
E09000015,Harrow,2020,crime_rate_per_1000,90.98,UK Police street-level crime (Met + City of London),LSOA aggregated to borough,calendar year; denominator = ONS mid-year estimate; 12 months of data
E09000015,Harrow,2021,crime_rate_per_1000,77.39,UK Police street-level crime (Met + City of London),LSOA aggregated to borough,calendar year; denominator = ONS mid-year estimate; 12 months of data
E09000015,Harrow,2022,crime_rate_per_1000,77.23,UK Police street-level crime (Met + City of London),LSOA aggregated to borough,calendar year; denominator = ONS mid-year estimate; 12 months of data
E09000015,Harrow,2023,crime_rate_per_1000,74.72,UK Police street-level crime (Met + City of London),LSOA aggregated to borough,calendar year; denominator = ONS mid-year estimate; 12 months of data
E09000015,Harrow,2024,crime_rate_per_1000,78.68,UK Police street-level crime (Met + City of London),LSOA aggregated to borough,calendar year; denominator = ONS mid-year estimate; 12 months of data
E09000016,Havering,2011,crime_rate_per_1000,109.03,UK Police street-level crime (Met + City of London),LSOA aggregated to borough,calendar year; denominator = ONS mid-year estimate; 12 months of data
E09000016,Havering,2012,crime_rate_per_1000,98.96,UK Police street-level crime (Met + City of London),LSOA aggregated to borough,calendar year; denominator = ONS mid-year estimate; 12 months of data
E09000016,Havering,2013,crime_rate_per_1000,86.31,UK Police street-level crime (Met + City of London),LSOA aggregated to borough,calendar year; denominator = ONS mid-year estimate; 12 months of data
E09000016,Havering,2014,crime_rate_per_1000,78.42,UK Police street-level crime (Met + City of London),LSOA aggregated to borough,calendar year; denominator = ONS mid-year estimate; 12 months of data
E09000016,Havering,2015,crime_rate_per_1000,80.32,UK Police street-level crime (Met + City of London),LSOA aggregated to borough,calendar year; denominator = ONS mid-year estimate; 12 months of data
E09000016,Havering,2016,crime_rate_per_1000,86.3,UK Police street-level crime (Met + City of London),LSOA aggregated to borough,calendar year; denominator = ONS mid-year estimate; 12 months of data
E09000016,Havering,2017,crime_rate_per_1000,89.73,UK Police street-level crime (Met + City of London),LSOA aggregated to borough,calendar year; denominator = ONS mid-year estimate; 12 months of data
E09000016,Havering,2018,crime_rate_per_1000,87.83,UK Police street-level crime (Met + City of London),LSOA aggregated to borough,calendar year; denominator = ONS mid-year estimate; 12 months of data
E09000016,Havering,2019,crime_rate_per_1000,86.22,UK Police street-level crime (Met + City of London),LSOA aggregated to borough,calendar year; denominator = ONS mid-year estimate; 12 months of data
E09000016,Havering,2020,crime_rate_per_1000,94.39,UK Police street-level crime (Met + City of London),LSOA aggregated to borough,calendar year; denominator = ONS mid-year estimate; 12 months of data
E09000016,Havering,2021,crime_rate_per_1000,86.37,UK Police street-level crime (Met + City of London),LSOA aggregated to borough,calendar year; denominator = ONS mid-year estimate; 12 months of data
E09000016,Havering,2022,crime_rate_per_1000,89.58,UK Police street-level crime (Met + City of London),LSOA aggregated to borough,calendar year; denominator = ONS mid-year estimate; 12 months of data
E09000016,Havering,2023,crime_rate_per_1000,92.74,UK Police street-level crime (Met + City of London),LSOA aggregated to borough,calendar year; denominator = ONS mid-year estimate; 12 months of data
E09000016,Havering,2024,crime_rate_per_1000,90.38,UK Police street-level crime (Met + City of London),LSOA aggregated to borough,calendar year; denominator = ONS mid-year estimate; 12 months of data
E09000017,Hillingdon,2011,crime_rate_per_1000,150.09,UK Police street-level crime (Met + City of London),LSOA aggregated to borough,calendar year; denominator = ONS mid-year estimate; 12 months of data
E09000017,Hillingdon,2012,crime_rate_per_1000,127,UK Police street-level crime (Met + City of London),LSOA aggregated to borough,calendar year; denominator = ONS mid-year estimate; 12 months of data
E09000017,Hillingdon,2013,crime_rate_per_1000,107.85,UK Police street-level crime (Met + City of London),LSOA aggregated to borough,calendar year; denominator = ONS mid-year estimate; 12 months of data
E09000017,Hillingdon,2014,crime_rate_per_1000,111.77,UK Police street-level crime (Met + City of London),LSOA aggregated to borough,calendar year; denominator = ONS mid-year estimate; 12 months of data
E09000017,Hillingdon,2015,crime_rate_per_1000,107.89,UK Police street-level crime (Met + City of London),LSOA aggregated to borough,calendar year; denominator = ONS mid-year estimate; 12 months of data
E09000017,Hillingdon,2016,crime_rate_per_1000,113.76,UK Police street-level crime (Met + City of London),LSOA aggregated to borough,calendar year; denominator = ONS mid-year estimate; 12 months of data
E09000017,Hillingdon,2017,crime_rate_per_1000,119.46,UK Police street-level crime (Met + City of London),LSOA aggregated to borough,calendar year; denominator = ONS mid-year estimate; 12 months of data
E09000017,Hillingdon,2018,crime_rate_per_1000,118.02,UK Police street-level crime (Met + City of London),LSOA aggregated to borough,calendar year; denominator = ONS mid-year estimate; 12 months of data
E09000017,Hillingdon,2019,crime_rate_per_1000,122.26,UK Police street-level crime (Met + City of London),LSOA aggregated to borough,calendar year; denominator = ONS mid-year estimate; 12 months of data
E09000017,Hillingdon,2020,crime_rate_per_1000,127.61,UK Police street-level crime (Met + City of London),LSOA aggregated to borough,calendar year; denominator = ONS mid-year estimate; 12 months of data
E09000017,Hillingdon,2021,crime_rate_per_1000,111.34,UK Police street-level crime (Met + City of London),LSOA aggregated to borough,calendar year; denominator = ONS mid-year estimate; 12 months of data
E09000017,Hillingdon,2022,crime_rate_per_1000,112.07,UK Police street-level crime (Met + City of London),LSOA aggregated to borough,calendar year; denominator = ONS mid-year estimate; 12 months of data
E09000017,Hillingdon,2023,crime_rate_per_1000,108.81,UK Police street-level crime (Met + City of London),LSOA aggregated to borough,calendar year; denominator = ONS mid-year estimate; 12 months of data
E09000017,Hillingdon,2024,crime_rate_per_1000,115.21,UK Police street-level crime (Met + City of London),LSOA aggregated to borough,calendar year; denominator = ONS mid-year estimate; 12 months of data
E09000018,Hounslow,2011,crime_rate_per_1000,144.58,UK Police street-level crime (Met + City of London),LSOA aggregated to borough,calendar year; denominator = ONS mid-year estimate; 12 months of data
E09000018,Hounslow,2012,crime_rate_per_1000,131.87,UK Police street-level crime (Met + City of London),LSOA aggregated to borough,calendar year; denominator = ONS mid-year estimate; 12 months of data
E09000018,Hounslow,2013,crime_rate_per_1000,109.02,UK Police street-level crime (Met + City of London),LSOA aggregated to borough,calendar year; denominator = ONS mid-year estimate; 12 months of data
E09000018,Hounslow,2014,crime_rate_per_1000,102.08,UK Police street-level crime (Met + City of London),LSOA aggregated to borough,calendar year; denominator = ONS mid-year estimate; 12 months of data
E09000018,Hounslow,2015,crime_rate_per_1000,103.2,UK Police street-level crime (Met + City of London),LSOA aggregated to borough,calendar year; denominator = ONS mid-year estimate; 12 months of data
E09000018,Hounslow,2016,crime_rate_per_1000,105.98,UK Police street-level crime (Met + City of London),LSOA aggregated to borough,calendar year; denominator = ONS mid-year estimate; 12 months of data
E09000018,Hounslow,2017,crime_rate_per_1000,111.28,UK Police street-level crime (Met + City of London),LSOA aggregated to borough,calendar year; denominator = ONS mid-year estimate; 12 months of data
E09000018,Hounslow,2018,crime_rate_per_1000,112.05,UK Police street-level crime (Met + City of London),LSOA aggregated to borough,calendar year; denominator = ONS mid-year estimate; 12 months of data
E09000018,Hounslow,2019,crime_rate_per_1000,111.49,UK Police street-level crime (Met + City of London),LSOA aggregated to borough,calendar year; denominator = ONS mid-year estimate; 12 months of data
E09000018,Hounslow,2020,crime_rate_per_1000,123.47,UK Police street-level crime (Met + City of London),LSOA aggregated to borough,calendar year; denominator = ONS mid-year estimate; 12 months of data
E09000018,Hounslow,2021,crime_rate_per_1000,110.28,UK Police street-level crime (Met + City of London),LSOA aggregated to borough,calendar year; denominator = ONS mid-year estimate; 12 months of data
E09000018,Hounslow,2022,crime_rate_per_1000,108.72,UK Police street-level crime (Met + City of London),LSOA aggregated to borough,calendar year; denominator = ONS mid-year estimate; 12 months of data
E09000018,Hounslow,2023,crime_rate_per_1000,114.38,UK Police street-level crime (Met + City of London),LSOA aggregated to borough,calendar year; denominator = ONS mid-year estimate; 12 months of data
E09000018,Hounslow,2024,crime_rate_per_1000,110.27,UK Police street-level crime (Met + City of London),LSOA aggregated to borough,calendar year; denominator = ONS mid-year estimate; 12 months of data
E09000019,Islington,2011,crime_rate_per_1000,204.92,UK Police street-level crime (Met + City of London),LSOA aggregated to borough,calendar year; denominator = ONS mid-year estimate; 12 months of data
E09000019,Islington,2012,crime_rate_per_1000,185.9,UK Police street-level crime (Met + City of London),LSOA aggregated to borough,calendar year; denominator = ONS mid-year estimate; 12 months of data
E09000019,Islington,2013,crime_rate_per_1000,156.16,UK Police street-level crime (Met + City of London),LSOA aggregated to borough,calendar year; denominator = ONS mid-year estimate; 12 months of data
E09000019,Islington,2014,crime_rate_per_1000,153.22,UK Police street-level crime (Met + City of London),LSOA aggregated to borough,calendar year; denominator = ONS mid-year estimate; 12 months of data
E09000019,Islington,2015,crime_rate_per_1000,155.76,UK Police street-level crime (Met + City of London),LSOA aggregated to borough,calendar year; denominator = ONS mid-year estimate; 12 months of data
E09000019,Islington,2016,crime_rate_per_1000,155.76,UK Police street-level crime (Met + City of London),LSOA aggregated to borough,calendar year; denominator = ONS mid-year estimate; 12 months of data
E09000019,Islington,2017,crime_rate_per_1000,177.54,UK Police street-level crime (Met + City of London),LSOA aggregated to borough,calendar year; denominator = ONS mid-year estimate; 12 months of data
E09000019,Islington,2018,crime_rate_per_1000,159.13,UK Police street-level crime (Met + City of London),LSOA aggregated to borough,calendar year; denominator = ONS mid-year estimate; 12 months of data
E09000019,Islington,2019,crime_rate_per_1000,165.08,UK Police street-level crime (Met + City of London),LSOA aggregated to borough,calendar year; denominator = ONS mid-year estimate; 12 months of data
E09000019,Islington,2020,crime_rate_per_1000,174.94,UK Police street-level crime (Met + City of London),LSOA aggregated to borough,calendar year; denominator = ONS mid-year estimate; 12 months of data
E09000019,Islington,2021,crime_rate_per_1000,156.67,UK Police street-level crime (Met + City of London),LSOA aggregated to borough,calendar year; denominator = ONS mid-year estimate; 12 months of data
E09000019,Islington,2022,crime_rate_per_1000,162.23,UK Police street-level crime (Met + City of London),LSOA aggregated to borough,calendar year; denominator = ONS mid-year estimate; 12 months of data
E09000019,Islington,2023,crime_rate_per_1000,163.84,UK Police street-level crime (Met + City of London),LSOA aggregated to borough,calendar year; denominator = ONS mid-year estimate; 12 months of data
E09000019,Islington,2024,crime_rate_per_1000,179.21,UK Police street-level crime (Met + City of London),LSOA aggregated to borough,calendar year; denominator = ONS mid-year estimate; 12 months of data
E09000020,Kensington and Chelsea,2011,crime_rate_per_1000,174.01,UK Police street-level crime (Met + City of London),LSOA aggregated to borough,calendar year; denominator = ONS mid-year estimate; 12 months of data
E09000020,Kensington and Chelsea,2012,crime_rate_per_1000,177.63,UK Police street-level crime (Met + City of London),LSOA aggregated to borough,calendar year; denominator = ONS mid-year estimate; 12 months of data
E09000020,Kensington and Chelsea,2013,crime_rate_per_1000,153.19,UK Police street-level crime (Met + City of London),LSOA aggregated to borough,calendar year; denominator = ONS mid-year estimate; 12 months of data
E09000020,Kensington and Chelsea,2014,crime_rate_per_1000,151.89,UK Police street-level crime (Met + City of London),LSOA aggregated to borough,calendar year; denominator = ONS mid-year estimate; 12 months of data
E09000020,Kensington and Chelsea,2015,crime_rate_per_1000,154.94,UK Police street-level crime (Met + City of London),LSOA aggregated to borough,calendar year; denominator = ONS mid-year estimate; 12 months of data
E09000020,Kensington and Chelsea,2016,crime_rate_per_1000,161.04,UK Police street-level crime (Met + City of London),LSOA aggregated to borough,calendar year; denominator = ONS mid-year estimate; 12 months of data
E09000020,Kensington and Chelsea,2017,crime_rate_per_1000,170.82,UK Police street-level crime (Met + City of London),LSOA aggregated to borough,calendar year; denominator = ONS mid-year estimate; 12 months of data
E09000020,Kensington and Chelsea,2018,crime_rate_per_1000,172.3,UK Police street-level crime (Met + City of London),LSOA aggregated to borough,calendar year; denominator = ONS mid-year estimate; 12 months of data
E09000020,Kensington and Chelsea,2019,crime_rate_per_1000,190.9,UK Police street-level crime (Met + City of London),LSOA aggregated to borough,calendar year; denominator = ONS mid-year estimate; 12 months of data
E09000020,Kensington and Chelsea,2020,crime_rate_per_1000,181.57,UK Police street-level crime (Met + City of London),LSOA aggregated to borough,calendar year; denominator = ONS mid-year estimate; 12 months of data
E09000020,Kensington and Chelsea,2021,crime_rate_per_1000,172.71,UK Police street-level crime (Met + City of London),LSOA aggregated to borough,calendar year; denominator = ONS mid-year estimate; 12 months of data
E09000020,Kensington and Chelsea,2022,crime_rate_per_1000,178.58,UK Police street-level crime (Met + City of London),LSOA aggregated to borough,calendar year; denominator = ONS mid-year estimate; 12 months of data
E09000020,Kensington and Chelsea,2023,crime_rate_per_1000,182.54,UK Police street-level crime (Met + City of London),LSOA aggregated to borough,calendar year; denominator = ONS mid-year estimate; 12 months of data
E09000020,Kensington and Chelsea,2024,crime_rate_per_1000,185.96,UK Police street-level crime (Met + City of London),LSOA aggregated to borough,calendar year; denominator = ONS mid-year estimate; 12 months of data
E09000021,Kingston upon Thames,2011,crime_rate_per_1000,110.77,UK Police street-level crime (Met + City of London),LSOA aggregated to borough,calendar year; denominator = ONS mid-year estimate; 12 months of data
E09000021,Kingston upon Thames,2012,crime_rate_per_1000,96.67,UK Police street-level crime (Met + City of London),LSOA aggregated to borough,calendar year; denominator = ONS mid-year estimate; 12 months of data
E09000021,Kingston upon Thames,2013,crime_rate_per_1000,83.9,UK Police street-level crime (Met + City of London),LSOA aggregated to borough,calendar year; denominator = ONS mid-year estimate; 12 months of data
E09000021,Kingston upon Thames,2014,crime_rate_per_1000,80.74,UK Police street-level crime (Met + City of London),LSOA aggregated to borough,calendar year; denominator = ONS mid-year estimate; 12 months of data
E09000021,Kingston upon Thames,2015,crime_rate_per_1000,81.05,UK Police street-level crime (Met + City of London),LSOA aggregated to borough,calendar year; denominator = ONS mid-year estimate; 12 months of data
E09000021,Kingston upon Thames,2016,crime_rate_per_1000,83.57,UK Police street-level crime (Met + City of London),LSOA aggregated to borough,calendar year; denominator = ONS mid-year estimate; 12 months of data
E09000021,Kingston upon Thames,2017,crime_rate_per_1000,85.15,UK Police street-level crime (Met + City of London),LSOA aggregated to borough,calendar year; denominator = ONS mid-year estimate; 12 months of data
E09000021,Kingston upon Thames,2018,crime_rate_per_1000,88.56,UK Police street-level crime (Met + City of London),LSOA aggregated to borough,calendar year; denominator = ONS mid-year estimate; 12 months of data
E09000021,Kingston upon Thames,2019,crime_rate_per_1000,90.12,UK Police street-level crime (Met + City of London),LSOA aggregated to borough,calendar year; denominator = ONS mid-year estimate; 12 months of data
E09000021,Kingston upon Thames,2020,crime_rate_per_1000,99.1,UK Police street-level crime (Met + City of London),LSOA aggregated to borough,calendar year; denominator = ONS mid-year estimate; 12 months of data
E09000021,Kingston upon Thames,2021,crime_rate_per_1000,87.96,UK Police street-level crime (Met + City of London),LSOA aggregated to borough,calendar year; denominator = ONS mid-year estimate; 12 months of data
E09000021,Kingston upon Thames,2022,crime_rate_per_1000,87.72,UK Police street-level crime (Met + City of London),LSOA aggregated to borough,calendar year; denominator = ONS mid-year estimate; 12 months of data
E09000021,Kingston upon Thames,2023,crime_rate_per_1000,87.24,UK Police street-level crime (Met + City of London),LSOA aggregated to borough,calendar year; denominator = ONS mid-year estimate; 12 months of data
E09000021,Kingston upon Thames,2024,crime_rate_per_1000,82.64,UK Police street-level crime (Met + City of London),LSOA aggregated to borough,calendar year; denominator = ONS mid-year estimate; 12 months of data
E09000022,Lambeth,2011,crime_rate_per_1000,177,UK Police street-level crime (Met + City of London),LSOA aggregated to borough,calendar year; denominator = ONS mid-year estimate; 12 months of data
E09000022,Lambeth,2012,crime_rate_per_1000,163.16,UK Police street-level crime (Met + City of London),LSOA aggregated to borough,calendar year; denominator = ONS mid-year estimate; 12 months of data
E09000022,Lambeth,2013,crime_rate_per_1000,147.1,UK Police street-level crime (Met + City of London),LSOA aggregated to borough,calendar year; denominator = ONS mid-year estimate; 12 months of data
E09000022,Lambeth,2014,crime_rate_per_1000,135.53,UK Police street-level crime (Met + City of London),LSOA aggregated to borough,calendar year; denominator = ONS mid-year estimate; 12 months of data
E09000022,Lambeth,2015,crime_rate_per_1000,133.57,UK Police street-level crime (Met + City of London),LSOA aggregated to borough,calendar year; denominator = ONS mid-year estimate; 12 months of data
E09000022,Lambeth,2016,crime_rate_per_1000,137.36,UK Police street-level crime (Met + City of London),LSOA aggregated to borough,calendar year; denominator = ONS mid-year estimate; 12 months of data
E09000022,Lambeth,2017,crime_rate_per_1000,133.72,UK Police street-level crime (Met + City of London),LSOA aggregated to borough,calendar year; denominator = ONS mid-year estimate; 12 months of data
E09000022,Lambeth,2018,crime_rate_per_1000,131.93,UK Police street-level crime (Met + City of London),LSOA aggregated to borough,calendar year; denominator = ONS mid-year estimate; 12 months of data
E09000022,Lambeth,2019,crime_rate_per_1000,131.52,UK Police street-level crime (Met + City of London),LSOA aggregated to borough,calendar year; denominator = ONS mid-year estimate; 12 months of data
E09000022,Lambeth,2020,crime_rate_per_1000,147.19,UK Police street-level crime (Met + City of London),LSOA aggregated to borough,calendar year; denominator = ONS mid-year estimate; 12 months of data
E09000022,Lambeth,2021,crime_rate_per_1000,136.29,UK Police street-level crime (Met + City of London),LSOA aggregated to borough,calendar year; denominator = ONS mid-year estimate; 12 months of data
E09000022,Lambeth,2022,crime_rate_per_1000,136.74,UK Police street-level crime (Met + City of London),LSOA aggregated to borough,calendar year; denominator = ONS mid-year estimate; 12 months of data
E09000022,Lambeth,2023,crime_rate_per_1000,138.47,UK Police street-level crime (Met + City of London),LSOA aggregated to borough,calendar year; denominator = ONS mid-year estimate; 12 months of data
E09000022,Lambeth,2024,crime_rate_per_1000,150.33,UK Police street-level crime (Met + City of London),LSOA aggregated to borough,calendar year; denominator = ONS mid-year estimate; 12 months of data
E09000023,Lewisham,2011,crime_rate_per_1000,154.73,UK Police street-level crime (Met + City of London),LSOA aggregated to borough,calendar year; denominator = ONS mid-year estimate; 12 months of data
E09000023,Lewisham,2012,crime_rate_per_1000,131.74,UK Police street-level crime (Met + City of London),LSOA aggregated to borough,calendar year; denominator = ONS mid-year estimate; 12 months of data
E09000023,Lewisham,2013,crime_rate_per_1000,112.88,UK Police street-level crime (Met + City of London),LSOA aggregated to borough,calendar year; denominator = ONS mid-year estimate; 12 months of data
E09000023,Lewisham,2014,crime_rate_per_1000,100.52,UK Police street-level crime (Met + City of London),LSOA aggregated to borough,calendar year; denominator = ONS mid-year estimate; 12 months of data
E09000023,Lewisham,2015,crime_rate_per_1000,103.26,UK Police street-level crime (Met + City of London),LSOA aggregated to borough,calendar year; denominator = ONS mid-year estimate; 12 months of data
E09000023,Lewisham,2016,crime_rate_per_1000,103.76,UK Police street-level crime (Met + City of London),LSOA aggregated to borough,calendar year; denominator = ONS mid-year estimate; 12 months of data
E09000023,Lewisham,2017,crime_rate_per_1000,103.4,UK Police street-level crime (Met + City of London),LSOA aggregated to borough,calendar year; denominator = ONS mid-year estimate; 12 months of data
E09000023,Lewisham,2018,crime_rate_per_1000,105.85,UK Police street-level crime (Met + City of London),LSOA aggregated to borough,calendar year; denominator = ONS mid-year estimate; 12 months of data
E09000023,Lewisham,2019,crime_rate_per_1000,112.26,UK Police street-level crime (Met + City of London),LSOA aggregated to borough,calendar year; denominator = ONS mid-year estimate; 12 months of data
E09000023,Lewisham,2020,crime_rate_per_1000,130.46,UK Police street-level crime (Met + City of London),LSOA aggregated to borough,calendar year; denominator = ONS mid-year estimate; 12 months of data
E09000023,Lewisham,2021,crime_rate_per_1000,116.26,UK Police street-level crime (Met + City of London),LSOA aggregated to borough,calendar year; denominator = ONS mid-year estimate; 12 months of data
E09000023,Lewisham,2022,crime_rate_per_1000,115.69,UK Police street-level crime (Met + City of London),LSOA aggregated to borough,calendar year; denominator = ONS mid-year estimate; 12 months of data
E09000023,Lewisham,2023,crime_rate_per_1000,118.76,UK Police street-level crime (Met + City of London),LSOA aggregated to borough,calendar year; denominator = ONS mid-year estimate; 12 months of data
E09000023,Lewisham,2024,crime_rate_per_1000,121.35,UK Police street-level crime (Met + City of London),LSOA aggregated to borough,calendar year; denominator = ONS mid-year estimate; 12 months of data
E09000024,Merton,2011,crime_rate_per_1000,108.05,UK Police street-level crime (Met + City of London),LSOA aggregated to borough,calendar year; denominator = ONS mid-year estimate; 12 months of data
E09000024,Merton,2012,crime_rate_per_1000,96.5,UK Police street-level crime (Met + City of London),LSOA aggregated to borough,calendar year; denominator = ONS mid-year estimate; 12 months of data
E09000024,Merton,2013,crime_rate_per_1000,82.36,UK Police street-level crime (Met + City of London),LSOA aggregated to borough,calendar year; denominator = ONS mid-year estimate; 12 months of data
E09000024,Merton,2014,crime_rate_per_1000,76.01,UK Police street-level crime (Met + City of London),LSOA aggregated to borough,calendar year; denominator = ONS mid-year estimate; 12 months of data
E09000024,Merton,2015,crime_rate_per_1000,75.38,UK Police street-level crime (Met + City of London),LSOA aggregated to borough,calendar year; denominator = ONS mid-year estimate; 12 months of data
E09000024,Merton,2016,crime_rate_per_1000,77.55,UK Police street-level crime (Met + City of London),LSOA aggregated to borough,calendar year; denominator = ONS mid-year estimate; 12 months of data
E09000024,Merton,2017,crime_rate_per_1000,79.19,UK Police street-level crime (Met + City of London),LSOA aggregated to borough,calendar year; denominator = ONS mid-year estimate; 12 months of data
E09000024,Merton,2018,crime_rate_per_1000,79.34,UK Police street-level crime (Met + City of London),LSOA aggregated to borough,calendar year; denominator = ONS mid-year estimate; 12 months of data
E09000024,Merton,2019,crime_rate_per_1000,80.9,UK Police street-level crime (Met + City of London),LSOA aggregated to borough,calendar year; denominator = ONS mid-year estimate; 12 months of data
E09000024,Merton,2020,crime_rate_per_1000,92.57,UK Police street-level crime (Met + City of London),LSOA aggregated to borough,calendar year; denominator = ONS mid-year estimate; 12 months of data
E09000024,Merton,2021,crime_rate_per_1000,82.59,UK Police street-level crime (Met + City of London),LSOA aggregated to borough,calendar year; denominator = ONS mid-year estimate; 12 months of data
E09000024,Merton,2022,crime_rate_per_1000,83.47,UK Police street-level crime (Met + City of London),LSOA aggregated to borough,calendar year; denominator = ONS mid-year estimate; 12 months of data
E09000024,Merton,2023,crime_rate_per_1000,80.65,UK Police street-level crime (Met + City of London),LSOA aggregated to borough,calendar year; denominator = ONS mid-year estimate; 12 months of data
E09000024,Merton,2024,crime_rate_per_1000,79.78,UK Police street-level crime (Met + City of London),LSOA aggregated to borough,calendar year; denominator = ONS mid-year estimate; 12 months of data
E09000025,Newham,2011,crime_rate_per_1000,161.13,UK Police street-level crime (Met + City of London),LSOA aggregated to borough,calendar year; denominator = ONS mid-year estimate; 12 months of data
E09000025,Newham,2012,crime_rate_per_1000,149.31,UK Police street-level crime (Met + City of London),LSOA aggregated to borough,calendar year; denominator = ONS mid-year estimate; 12 months of data
E09000025,Newham,2013,crime_rate_per_1000,131.88,UK Police street-level crime (Met + City of London),LSOA aggregated to borough,calendar year; denominator = ONS mid-year estimate; 12 months of data
E09000025,Newham,2014,crime_rate_per_1000,120.59,UK Police street-level crime (Met + City of London),LSOA aggregated to borough,calendar year; denominator = ONS mid-year estimate; 12 months of data
E09000025,Newham,2015,crime_rate_per_1000,116.18,UK Police street-level crime (Met + City of London),LSOA aggregated to borough,calendar year; denominator = ONS mid-year estimate; 12 months of data
E09000025,Newham,2016,crime_rate_per_1000,118.95,UK Police street-level crime (Met + City of London),LSOA aggregated to borough,calendar year; denominator = ONS mid-year estimate; 12 months of data
E09000025,Newham,2017,crime_rate_per_1000,123.44,UK Police street-level crime (Met + City of London),LSOA aggregated to borough,calendar year; denominator = ONS mid-year estimate; 12 months of data
E09000025,Newham,2018,crime_rate_per_1000,124.59,UK Police street-level crime (Met + City of London),LSOA aggregated to borough,calendar year; denominator = ONS mid-year estimate; 12 months of data
E09000025,Newham,2019,crime_rate_per_1000,121.71,UK Police street-level crime (Met + City of London),LSOA aggregated to borough,calendar year; denominator = ONS mid-year estimate; 12 months of data
E09000025,Newham,2020,crime_rate_per_1000,138.9,UK Police street-level crime (Met + City of London),LSOA aggregated to borough,calendar year; denominator = ONS mid-year estimate; 12 months of data
E09000025,Newham,2021,crime_rate_per_1000,125.96,UK Police street-level crime (Met + City of London),LSOA aggregated to borough,calendar year; denominator = ONS mid-year estimate; 12 months of data
E09000025,Newham,2022,crime_rate_per_1000,124.77,UK Police street-level crime (Met + City of London),LSOA aggregated to borough,calendar year; denominator = ONS mid-year estimate; 12 months of data
E09000025,Newham,2023,crime_rate_per_1000,126.31,UK Police street-level crime (Met + City of London),LSOA aggregated to borough,calendar year; denominator = ONS mid-year estimate; 12 months of data
E09000025,Newham,2024,crime_rate_per_1000,132.01,UK Police street-level crime (Met + City of London),LSOA aggregated to borough,calendar year; denominator = ONS mid-year estimate; 12 months of data
E09000026,Redbridge,2011,crime_rate_per_1000,132.32,UK Police street-level crime (Met + City of London),LSOA aggregated to borough,calendar year; denominator = ONS mid-year estimate; 12 months of data
E09000026,Redbridge,2012,crime_rate_per_1000,116.28,UK Police street-level crime (Met + City of London),LSOA aggregated to borough,calendar year; denominator = ONS mid-year estimate; 12 months of data
E09000026,Redbridge,2013,crime_rate_per_1000,99.17,UK Police street-level crime (Met + City of London),LSOA aggregated to borough,calendar year; denominator = ONS mid-year estimate; 12 months of data
E09000026,Redbridge,2014,crime_rate_per_1000,90.12,UK Police street-level crime (Met + City of London),LSOA aggregated to borough,calendar year; denominator = ONS mid-year estimate; 12 months of data
E09000026,Redbridge,2015,crime_rate_per_1000,82.45,UK Police street-level crime (Met + City of London),LSOA aggregated to borough,calendar year; denominator = ONS mid-year estimate; 12 months of data
E09000026,Redbridge,2016,crime_rate_per_1000,85.72,UK Police street-level crime (Met + City of London),LSOA aggregated to borough,calendar year; denominator = ONS mid-year estimate; 12 months of data
E09000026,Redbridge,2017,crime_rate_per_1000,96.43,UK Police street-level crime (Met + City of London),LSOA aggregated to borough,calendar year; denominator = ONS mid-year estimate; 12 months of data
E09000026,Redbridge,2018,crime_rate_per_1000,94.5,UK Police street-level crime (Met + City of London),LSOA aggregated to borough,calendar year; denominator = ONS mid-year estimate; 12 months of data
E09000026,Redbridge,2019,crime_rate_per_1000,93,UK Police street-level crime (Met + City of London),LSOA aggregated to borough,calendar year; denominator = ONS mid-year estimate; 12 months of data
E09000026,Redbridge,2020,crime_rate_per_1000,106.48,UK Police street-level crime (Met + City of London),LSOA aggregated to borough,calendar year; denominator = ONS mid-year estimate; 12 months of data
E09000026,Redbridge,2021,crime_rate_per_1000,102.45,UK Police street-level crime (Met + City of London),LSOA aggregated to borough,calendar year; denominator = ONS mid-year estimate; 12 months of data
E09000026,Redbridge,2022,crime_rate_per_1000,98.41,UK Police street-level crime (Met + City of London),LSOA aggregated to borough,calendar year; denominator = ONS mid-year estimate; 12 months of data
E09000026,Redbridge,2023,crime_rate_per_1000,93.4,UK Police street-level crime (Met + City of London),LSOA aggregated to borough,calendar year; denominator = ONS mid-year estimate; 12 months of data
E09000026,Redbridge,2024,crime_rate_per_1000,91.48,UK Police street-level crime (Met + City of London),LSOA aggregated to borough,calendar year; denominator = ONS mid-year estimate; 12 months of data
E09000027,Richmond upon Thames,2011,crime_rate_per_1000,96.31,UK Police street-level crime (Met + City of London),LSOA aggregated to borough,calendar year; denominator = ONS mid-year estimate; 12 months of data
E09000027,Richmond upon Thames,2012,crime_rate_per_1000,89.31,UK Police street-level crime (Met + City of London),LSOA aggregated to borough,calendar year; denominator = ONS mid-year estimate; 12 months of data
E09000027,Richmond upon Thames,2013,crime_rate_per_1000,78.64,UK Police street-level crime (Met + City of London),LSOA aggregated to borough,calendar year; denominator = ONS mid-year estimate; 12 months of data
E09000027,Richmond upon Thames,2014,crime_rate_per_1000,73.56,UK Police street-level crime (Met + City of London),LSOA aggregated to borough,calendar year; denominator = ONS mid-year estimate; 12 months of data
E09000027,Richmond upon Thames,2015,crime_rate_per_1000,71.89,UK Police street-level crime (Met + City of London),LSOA aggregated to borough,calendar year; denominator = ONS mid-year estimate; 12 months of data
E09000027,Richmond upon Thames,2016,crime_rate_per_1000,76.73,UK Police street-level crime (Met + City of London),LSOA aggregated to borough,calendar year; denominator = ONS mid-year estimate; 12 months of data
E09000027,Richmond upon Thames,2017,crime_rate_per_1000,83.92,UK Police street-level crime (Met + City of London),LSOA aggregated to borough,calendar year; denominator = ONS mid-year estimate; 12 months of data
E09000027,Richmond upon Thames,2018,crime_rate_per_1000,80.08,UK Police street-level crime (Met + City of London),LSOA aggregated to borough,calendar year; denominator = ONS mid-year estimate; 12 months of data
E09000027,Richmond upon Thames,2019,crime_rate_per_1000,80.2,UK Police street-level crime (Met + City of London),LSOA aggregated to borough,calendar year; denominator = ONS mid-year estimate; 12 months of data
E09000027,Richmond upon Thames,2020,crime_rate_per_1000,96.73,UK Police street-level crime (Met + City of London),LSOA aggregated to borough,calendar year; denominator = ONS mid-year estimate; 12 months of data
E09000027,Richmond upon Thames,2021,crime_rate_per_1000,78.79,UK Police street-level crime (Met + City of London),LSOA aggregated to borough,calendar year; denominator = ONS mid-year estimate; 12 months of data
E09000027,Richmond upon Thames,2022,crime_rate_per_1000,75.48,UK Police street-level crime (Met + City of London),LSOA aggregated to borough,calendar year; denominator = ONS mid-year estimate; 12 months of data
E09000027,Richmond upon Thames,2023,crime_rate_per_1000,76.88,UK Police street-level crime (Met + City of London),LSOA aggregated to borough,calendar year; denominator = ONS mid-year estimate; 12 months of data
E09000027,Richmond upon Thames,2024,crime_rate_per_1000,76.43,UK Police street-level crime (Met + City of London),LSOA aggregated to borough,calendar year; denominator = ONS mid-year estimate; 12 months of data
E09000028,Southwark,2011,crime_rate_per_1000,178.49,UK Police street-level crime (Met + City of London),LSOA aggregated to borough,calendar year; denominator = ONS mid-year estimate; 12 months of data
E09000028,Southwark,2012,crime_rate_per_1000,155.29,UK Police street-level crime (Met + City of London),LSOA aggregated to borough,calendar year; denominator = ONS mid-year estimate; 12 months of data
E09000028,Southwark,2013,crime_rate_per_1000,144.44,UK Police street-level crime (Met + City of London),LSOA aggregated to borough,calendar year; denominator = ONS mid-year estimate; 12 months of data
E09000028,Southwark,2014,crime_rate_per_1000,127.65,UK Police street-level crime (Met + City of London),LSOA aggregated to borough,calendar year; denominator = ONS mid-year estimate; 12 months of data
E09000028,Southwark,2015,crime_rate_per_1000,126.1,UK Police street-level crime (Met + City of London),LSOA aggregated to borough,calendar year; denominator = ONS mid-year estimate; 12 months of data
E09000028,Southwark,2016,crime_rate_per_1000,130.52,UK Police street-level crime (Met + City of London),LSOA aggregated to borough,calendar year; denominator = ONS mid-year estimate; 12 months of data
E09000028,Southwark,2017,crime_rate_per_1000,134.63,UK Police street-level crime (Met + City of London),LSOA aggregated to borough,calendar year; denominator = ONS mid-year estimate; 12 months of data
E09000028,Southwark,2018,crime_rate_per_1000,139.32,UK Police street-level crime (Met + City of London),LSOA aggregated to borough,calendar year; denominator = ONS mid-year estimate; 12 months of data
E09000028,Southwark,2019,crime_rate_per_1000,148.22,UK Police street-level crime (Met + City of London),LSOA aggregated to borough,calendar year; denominator = ONS mid-year estimate; 12 months of data
E09000028,Southwark,2020,crime_rate_per_1000,152.88,UK Police street-level crime (Met + City of London),LSOA aggregated to borough,calendar year; denominator = ONS mid-year estimate; 12 months of data
E09000028,Southwark,2021,crime_rate_per_1000,137.64,UK Police street-level crime (Met + City of London),LSOA aggregated to borough,calendar year; denominator = ONS mid-year estimate; 12 months of data
E09000028,Southwark,2022,crime_rate_per_1000,138.48,UK Police street-level crime (Met + City of London),LSOA aggregated to borough,calendar year; denominator = ONS mid-year estimate; 12 months of data
E09000028,Southwark,2023,crime_rate_per_1000,142.77,UK Police street-level crime (Met + City of London),LSOA aggregated to borough,calendar year; denominator = ONS mid-year estimate; 12 months of data
E09000028,Southwark,2024,crime_rate_per_1000,152.43,UK Police street-level crime (Met + City of London),LSOA aggregated to borough,calendar year; denominator = ONS mid-year estimate; 12 months of data
E09000029,Sutton,2011,crime_rate_per_1000,95.62,UK Police street-level crime (Met + City of London),LSOA aggregated to borough,calendar year; denominator = ONS mid-year estimate; 12 months of data
E09000029,Sutton,2012,crime_rate_per_1000,87.34,UK Police street-level crime (Met + City of London),LSOA aggregated to borough,calendar year; denominator = ONS mid-year estimate; 12 months of data
E09000029,Sutton,2013,crime_rate_per_1000,73.92,UK Police street-level crime (Met + City of London),LSOA aggregated to borough,calendar year; denominator = ONS mid-year estimate; 12 months of data
E09000029,Sutton,2014,crime_rate_per_1000,70.82,UK Police street-level crime (Met + City of London),LSOA aggregated to borough,calendar year; denominator = ONS mid-year estimate; 12 months of data
E09000029,Sutton,2015,crime_rate_per_1000,66.81,UK Police street-level crime (Met + City of London),LSOA aggregated to borough,calendar year; denominator = ONS mid-year estimate; 12 months of data
E09000029,Sutton,2016,crime_rate_per_1000,68.36,UK Police street-level crime (Met + City of London),LSOA aggregated to borough,calendar year; denominator = ONS mid-year estimate; 12 months of data
E09000029,Sutton,2017,crime_rate_per_1000,72.51,UK Police street-level crime (Met + City of London),LSOA aggregated to borough,calendar year; denominator = ONS mid-year estimate; 12 months of data
E09000029,Sutton,2018,crime_rate_per_1000,72.74,UK Police street-level crime (Met + City of London),LSOA aggregated to borough,calendar year; denominator = ONS mid-year estimate; 12 months of data
E09000029,Sutton,2019,crime_rate_per_1000,82.4,UK Police street-level crime (Met + City of London),LSOA aggregated to borough,calendar year; denominator = ONS mid-year estimate; 12 months of data
E09000029,Sutton,2020,crime_rate_per_1000,91.05,UK Police street-level crime (Met + City of London),LSOA aggregated to borough,calendar year; denominator = ONS mid-year estimate; 12 months of data
E09000029,Sutton,2021,crime_rate_per_1000,80.49,UK Police street-level crime (Met + City of London),LSOA aggregated to borough,calendar year; denominator = ONS mid-year estimate; 12 months of data
E09000029,Sutton,2022,crime_rate_per_1000,80.47,UK Police street-level crime (Met + City of London),LSOA aggregated to borough,calendar year; denominator = ONS mid-year estimate; 12 months of data
E09000029,Sutton,2023,crime_rate_per_1000,75.7,UK Police street-level crime (Met + City of London),LSOA aggregated to borough,calendar year; denominator = ONS mid-year estimate; 12 months of data
E09000029,Sutton,2024,crime_rate_per_1000,74.44,UK Police street-level crime (Met + City of London),LSOA aggregated to borough,calendar year; denominator = ONS mid-year estimate; 12 months of data
E09000030,Tower Hamlets,2011,crime_rate_per_1000,187.45,UK Police street-level crime (Met + City of London),LSOA aggregated to borough,calendar year; denominator = ONS mid-year estimate; 12 months of data
E09000030,Tower Hamlets,2012,crime_rate_per_1000,174.96,UK Police street-level crime (Met + City of London),LSOA aggregated to borough,calendar year; denominator = ONS mid-year estimate; 12 months of data
E09000030,Tower Hamlets,2013,crime_rate_per_1000,160.23,UK Police street-level crime (Met + City of London),LSOA aggregated to borough,calendar year; denominator = ONS mid-year estimate; 12 months of data
E09000030,Tower Hamlets,2014,crime_rate_per_1000,151.71,UK Police street-level crime (Met + City of London),LSOA aggregated to borough,calendar year; denominator = ONS mid-year estimate; 12 months of data
E09000030,Tower Hamlets,2015,crime_rate_per_1000,146.38,UK Police street-level crime (Met + City of London),LSOA aggregated to borough,calendar year; denominator = ONS mid-year estimate; 12 months of data
E09000030,Tower Hamlets,2016,crime_rate_per_1000,155.54,UK Police street-level crime (Met + City of London),LSOA aggregated to borough,calendar year; denominator = ONS mid-year estimate; 12 months of data
E09000030,Tower Hamlets,2017,crime_rate_per_1000,149.07,UK Police street-level crime (Met + City of London),LSOA aggregated to borough,calendar year; denominator = ONS mid-year estimate; 12 months of data
E09000030,Tower Hamlets,2018,crime_rate_per_1000,153.61,UK Police street-level crime (Met + City of London),LSOA aggregated to borough,calendar year; denominator = ONS mid-year estimate; 12 months of data
E09000030,Tower Hamlets,2019,crime_rate_per_1000,156.67,UK Police street-level crime (Met + City of London),LSOA aggregated to borough,calendar year; denominator = ONS mid-year estimate; 12 months of data
E09000030,Tower Hamlets,2020,crime_rate_per_1000,179.9,UK Police street-level crime (Met + City of London),LSOA aggregated to borough,calendar year; denominator = ONS mid-year estimate; 12 months of data
E09000030,Tower Hamlets,2021,crime_rate_per_1000,157.52,UK Police street-level crime (Met + City of London),LSOA aggregated to borough,calendar year; denominator = ONS mid-year estimate; 12 months of data
E09000030,Tower Hamlets,2022,crime_rate_per_1000,139.82,UK Police street-level crime (Met + City of London),LSOA aggregated to borough,calendar year; denominator = ONS mid-year estimate; 12 months of data
E09000030,Tower Hamlets,2023,crime_rate_per_1000,140.4,UK Police street-level crime (Met + City of London),LSOA aggregated to borough,calendar year; denominator = ONS mid-year estimate; 12 months of data
E09000030,Tower Hamlets,2024,crime_rate_per_1000,140.05,UK Police street-level crime (Met + City of London),LSOA aggregated to borough,calendar year; denominator = ONS mid-year estimate; 12 months of data
E09000031,Waltham Forest,2011,crime_rate_per_1000,148.87,UK Police street-level crime (Met + City of London),LSOA aggregated to borough,calendar year; denominator = ONS mid-year estimate; 12 months of data
E09000031,Waltham Forest,2012,crime_rate_per_1000,131.04,UK Police street-level crime (Met + City of London),LSOA aggregated to borough,calendar year; denominator = ONS mid-year estimate; 12 months of data
E09000031,Waltham Forest,2013,crime_rate_per_1000,111.43,UK Police street-level crime (Met + City of London),LSOA aggregated to borough,calendar year; denominator = ONS mid-year estimate; 12 months of data
E09000031,Waltham Forest,2014,crime_rate_per_1000,104.92,UK Police street-level crime (Met + City of London),LSOA aggregated to borough,calendar year; denominator = ONS mid-year estimate; 12 months of data
E09000031,Waltham Forest,2015,crime_rate_per_1000,101.88,UK Police street-level crime (Met + City of London),LSOA aggregated to borough,calendar year; denominator = ONS mid-year estimate; 12 months of data
E09000031,Waltham Forest,2016,crime_rate_per_1000,102.22,UK Police street-level crime (Met + City of London),LSOA aggregated to borough,calendar year; denominator = ONS mid-year estimate; 12 months of data
E09000031,Waltham Forest,2017,crime_rate_per_1000,104.64,UK Police street-level crime (Met + City of London),LSOA aggregated to borough,calendar year; denominator = ONS mid-year estimate; 12 months of data
E09000031,Waltham Forest,2018,crime_rate_per_1000,106.51,UK Police street-level crime (Met + City of London),LSOA aggregated to borough,calendar year; denominator = ONS mid-year estimate; 12 months of data
E09000031,Waltham Forest,2019,crime_rate_per_1000,105.57,UK Police street-level crime (Met + City of London),LSOA aggregated to borough,calendar year; denominator = ONS mid-year estimate; 12 months of data
E09000031,Waltham Forest,2020,crime_rate_per_1000,129.97,UK Police street-level crime (Met + City of London),LSOA aggregated to borough,calendar year; denominator = ONS mid-year estimate; 12 months of data
E09000031,Waltham Forest,2021,crime_rate_per_1000,109.73,UK Police street-level crime (Met + City of London),LSOA aggregated to borough,calendar year; denominator = ONS mid-year estimate; 12 months of data
E09000031,Waltham Forest,2022,crime_rate_per_1000,106.98,UK Police street-level crime (Met + City of London),LSOA aggregated to borough,calendar year; denominator = ONS mid-year estimate; 12 months of data
E09000031,Waltham Forest,2023,crime_rate_per_1000,108.27,UK Police street-level crime (Met + City of London),LSOA aggregated to borough,calendar year; denominator = ONS mid-year estimate; 12 months of data
E09000031,Waltham Forest,2024,crime_rate_per_1000,114.06,UK Police street-level crime (Met + City of London),LSOA aggregated to borough,calendar year; denominator = ONS mid-year estimate; 12 months of data
E09000032,Wandsworth,2011,crime_rate_per_1000,113.51,UK Police street-level crime (Met + City of London),LSOA aggregated to borough,calendar year; denominator = ONS mid-year estimate; 12 months of data
E09000032,Wandsworth,2012,crime_rate_per_1000,116.59,UK Police street-level crime (Met + City of London),LSOA aggregated to borough,calendar year; denominator = ONS mid-year estimate; 12 months of data
E09000032,Wandsworth,2013,crime_rate_per_1000,99.67,UK Police street-level crime (Met + City of London),LSOA aggregated to borough,calendar year; denominator = ONS mid-year estimate; 12 months of data
E09000032,Wandsworth,2014,crime_rate_per_1000,89.82,UK Police street-level crime (Met + City of London),LSOA aggregated to borough,calendar year; denominator = ONS mid-year estimate; 12 months of data
E09000032,Wandsworth,2015,crime_rate_per_1000,88.34,UK Police street-level crime (Met + City of London),LSOA aggregated to borough,calendar year; denominator = ONS mid-year estimate; 12 months of data
E09000032,Wandsworth,2016,crime_rate_per_1000,91.56,UK Police street-level crime (Met + City of London),LSOA aggregated to borough,calendar year; denominator = ONS mid-year estimate; 12 months of data
E09000032,Wandsworth,2017,crime_rate_per_1000,92.54,UK Police street-level crime (Met + City of London),LSOA aggregated to borough,calendar year; denominator = ONS mid-year estimate; 12 months of data
E09000032,Wandsworth,2018,crime_rate_per_1000,93.98,UK Police street-level crime (Met + City of London),LSOA aggregated to borough,calendar year; denominator = ONS mid-year estimate; 12 months of data
E09000032,Wandsworth,2019,crime_rate_per_1000,93.44,UK Police street-level crime (Met + City of London),LSOA aggregated to borough,calendar year; denominator = ONS mid-year estimate; 12 months of data
E09000032,Wandsworth,2020,crime_rate_per_1000,112.37,UK Police street-level crime (Met + City of London),LSOA aggregated to borough,calendar year; denominator = ONS mid-year estimate; 12 months of data
E09000032,Wandsworth,2021,crime_rate_per_1000,104.65,UK Police street-level crime (Met + City of London),LSOA aggregated to borough,calendar year; denominator = ONS mid-year estimate; 12 months of data
E09000032,Wandsworth,2022,crime_rate_per_1000,94.66,UK Police street-level crime (Met + City of London),LSOA aggregated to borough,calendar year; denominator = ONS mid-year estimate; 12 months of data
E09000032,Wandsworth,2023,crime_rate_per_1000,99.47,UK Police street-level crime (Met + City of London),LSOA aggregated to borough,calendar year; denominator = ONS mid-year estimate; 12 months of data
E09000032,Wandsworth,2024,crime_rate_per_1000,96.87,UK Police street-level crime (Met + City of London),LSOA aggregated to borough,calendar year; denominator = ONS mid-year estimate; 12 months of data
E09000033,Westminster,2011,crime_rate_per_1000,396.6,UK Police street-level crime (Met + City of London),LSOA aggregated to borough,calendar year; denominator = ONS mid-year estimate; 12 months of data
E09000033,Westminster,2012,crime_rate_per_1000,372.12,UK Police street-level crime (Met + City of London),LSOA aggregated to borough,calendar year; denominator = ONS mid-year estimate; 12 months of data
E09000033,Westminster,2013,crime_rate_per_1000,330.37,UK Police street-level crime (Met + City of London),LSOA aggregated to borough,calendar year; denominator = ONS mid-year estimate; 12 months of data
E09000033,Westminster,2014,crime_rate_per_1000,298.35,UK Police street-level crime (Met + City of London),LSOA aggregated to borough,calendar year; denominator = ONS mid-year estimate; 12 months of data
E09000033,Westminster,2015,crime_rate_per_1000,290.75,UK Police street-level crime (Met + City of London),LSOA aggregated to borough,calendar year; denominator = ONS mid-year estimate; 12 months of data
E09000033,Westminster,2016,crime_rate_per_1000,304.77,UK Police street-level crime (Met + City of London),LSOA aggregated to borough,calendar year; denominator = ONS mid-year estimate; 12 months of data
E09000033,Westminster,2017,crime_rate_per_1000,329.86,UK Police street-level crime (Met + City of London),LSOA aggregated to borough,calendar year; denominator = ONS mid-year estimate; 12 months of data
E09000033,Westminster,2018,crime_rate_per_1000,363.47,UK Police street-level crime (Met + City of London),LSOA aggregated to borough,calendar year; denominator = ONS mid-year estimate; 12 months of data
E09000033,Westminster,2019,crime_rate_per_1000,436.5,UK Police street-level crime (Met + City of London),LSOA aggregated to borough,calendar year; denominator = ONS mid-year estimate; 12 months of data
E09000033,Westminster,2020,crime_rate_per_1000,319.41,UK Police street-level crime (Met + City of London),LSOA aggregated to borough,calendar year; denominator = ONS mid-year estimate; 12 months of data
E09000033,Westminster,2021,crime_rate_per_1000,305.6,UK Police street-level crime (Met + City of London),LSOA aggregated to borough,calendar year; denominator = ONS mid-year estimate; 12 months of data
E09000033,Westminster,2022,crime_rate_per_1000,425.56,UK Police street-level crime (Met + City of London),LSOA aggregated to borough,calendar year; denominator = ONS mid-year estimate; 12 months of data
E09000033,Westminster,2023,crime_rate_per_1000,480.61,UK Police street-level crime (Met + City of London),LSOA aggregated to borough,calendar year; denominator = ONS mid-year estimate; 12 months of data
E09000033,Westminster,2024,crime_rate_per_1000,491.16,UK Police street-level crime (Met + City of London),LSOA aggregated to borough,calendar year; denominator = ONS mid-year estimate; 12 months of data
