"district_code","district_name","Income_Average_rank_2015","Income_Rank_of_average_rank_2015","Income_Average_score_2015","Income_Rank_of_average_score_2015","Income_Proportion_of_LSOAs_in_most_deprived_10_nationally_2015","Income_Rank_of_Proportion_of_LSOAs_in_most_deprived_10_nationally_2015","Income_Scale_2015","Income_Rank_of_scale_2015","Employment_Average_rank_2015","Employment_Rank_of_average_rank_2015","Employment_Average_score_2015","Employment_Rank_of_average_score_2015","Employment_Proportion_of_LSOAs_in_most_deprived_10_nationally_2015","Employment_Rank_of_proportion_of_LSOAs_in_most_deprived_10_nationally_2015","Employment_Scale_2015","Employment_Rank_of_scale_2015","Education_Skills_and_Training_Average_rank_2015","Education_Skills_and_Training_Rank_of_average_rank_2015","Education_Skills_and_Training_Average_score_2015","Education_Skills_and_Training_Rank_of_average_score_2015","Education_Skills_and_Training_Proportion_of_LSOAs_in_most_deprived_10_nationally_2015","Education_Skills_and_Training_Rank_of_proportion_of_LSOAs_in_most_deprived_10_nationally_2015","Health_Deprivation_and_Disability_Average_rank_2015","Health_Deprivation_and_Disability_Rank_of_average_rank_2015","Health_Deprivation_and_Disability_Average_score_2015","Health_Deprivation_and_Disability_Rank_of_average_score_2015","Health_Deprivation_and_Disability_Proportion_of_LSOAs_in_most_deprived_10_nationally_2015","Health_Deprivation_and_Disability_Rank_of_proportion_of_LSOAs_in_most_deprived_10_nationally_2015","Crime_Average_rank_2015","Crime_Rank_of_average_rank_2015","Crime_Average_score_2015","Crime_Rank_of_average_score_2015","Crime_Proportion_of_LSOAs_in_most_deprived_10_nationally_2015","Crime_Rank_of_proportion_of_LSOAs_in_most_deprived_10_nationally_2015","Barriers_to_Housing_and_Services_Average_rank_2015","Barriers_to_Housing_and_Services_Rank_of_average_rank_2015","Barriers_to_Housing_and_Services_Average_score_2015","Barriers_to_Housing_and_Services_Rank_of_average_score_2015","Barriers_to_Housing_and_Services_Proportion_of_LSOAs_in_most_deprived_10_nationally_2015","Barriers_to_Housing_and_Services_Rank_of_proportion_of_LSOAs_in_most_deprived_10_nationally_2015","Living_Environment_Average_rank_2015","Living_Environment_Rank_of_average_rank_2015","Living_Environment_Average_score_2015","Living_Environment_Rank_of_average_score_2015","Living_Environment_Proportion_of_LSOAs_in_most_deprived_10_nationally_2015","Living_Environment_Rank_of_proportion_of_LSOAs_in_most_deprived_10_nationally_2015","Income_Average_rank_2019","Income_Rank_of_average_rank_2019","Income_Average_score_2019","Income_Rank_of_average_score_2019","Income_Proportion_of_LSOAs_in_most_deprived_10_nationally_2019","Income_Rank_of_Proportion_of_LSOAs_in_most_deprived_10_nationally_2019","Income_Scale_2019","Income_Rank_of_scale_2019","Employment_Average_rank_2019","Employment_Rank_of_average_rank_2019","Employment_Average_score_2019","Employment_Rank_of_average_score_2019","Employment_Proportion_of_LSOAs_in_most_deprived_10_nationally_2019","Employment_Rank_of_proportion_of_LSOAs_in_most_deprived_10_nationally_2019","Employment_Scale_2019","Employment_Rank_of_scale_2019","Education_Skills_and_Training_Average_rank_2019","Education_Skills_and_Training_Rank_of_average_rank_2019","Education_Skills_and_Training_Average_score_2019","Education_Skills_and_Training_Rank_of_average_score_2019","Education_Skills_and_Training_Proportion_of_LSOAs_in_most_deprived_10_nationally_2019","Education_Skills_and_Training_Rank_of_proportion_of_LSOAs_in_most_deprived_10_nationally_2019","Health_Deprivation_and_Disability_Average_rank_2019","Health_Deprivation_and_Disability_Rank_of_average_rank_2019","Health_Deprivation_and_Disability_Average_score_2019","Health_Deprivation_and_Disability_Rank_of_average_score_2019","Health_Deprivation_and_Disability_Proportion_of_LSOAs_in_most_deprived_10_nationally_2019","Health_Deprivation_and_Disability_Rank_of_proportion_of_LSOAs_in_most_deprived_10_nationally_2019","Crime_Average_rank_2019","Crime_Rank_of_average_rank_2019","Crime_Average_score_2019","Crime_Rank_of_average_score_2019","Crime_Proportion_of_LSOAs_in_most_deprived_10_nationally_2019","Crime_Rank_of_proportion_of_LSOAs_in_most_deprived_10_nationally_2019","Barriers_to_Housing_and_Services_Average_rank_2019","Barriers_to_Housing_and_Services_Rank_of_average_rank_2019","Barriers_to_Housing_and_Services_Average_score_2019","Barriers_to_Housing_and_Services_Rank_of_average_score_2019","Barriers_to_Housing_and_Services_Proportion_of_LSOAs_in_most_deprived_10_nationally_2019","Barriers_to_Housing_and_Services_Rank_of_proportion_of_LSOAs_in_most_deprived_10_nationally_2019","Living_Environment_Average_rank_2019","Living_Environment_Rank_of_average_rank_2019","Living_Environment_Average_score_2019","Living_Environment_Rank_of_average_score_2019","Living_Environment_Proportion_of_LSOAs_in_most_deprived_10_nationally_2019","Living_Environment_Rank_of_proportion_of_LSOAs_in_most_deprived_10_nationally_2019"
"E09000001","City of London",6471,322,0.1,322,0,211,447,325,5782.1,322,0,324,0,200,253.8,325,4266.3,325,4.1,324,0,257,9121,238,-0.9,279,0,173,2660.8,326,-1.2,326,0,220,26183.5,11,30.7,24,0,264,29001.4,5,48.3,4,0.5,4,8080,292,0.1,280,0,201,431,316,8325.3,286,0.1,286,0,209,218.5,316,5270.4,314,5.5,314,0,243,8758.3,247,-0.7,254,0,173,1234.8,317,-1.7,317,0,201,28055.8,10,35.7,10,0.7,5,26411.2,10,39,13,0.3,22
"E09000002","Barking and Dagenham",26377.5,1,0.2,9,0.1,65,46056,45,23669.7,17,0.2,45,0,159,17541.8,65,22404.8,30,27.2,78,0,257,21520.1,70,0.4,77,0,165,27787.1,3,0.9,4,0.4,6,29199.1,4,37.6,5,0.4,8,21863.3,56,26.5,81,0,232,25142.7,4,0.2,20,0,136,39254,51,21951.1,43,0.1,70,0,209,14074.8,73,21696.4,44,25.5,101,0,243,19499.7,94,0.2,96,0,162,23668.3,21,0.5,28,0.1,55,31669.7,2,46.3,2,0.9,3,23068.5,41,29.1,52,0,165
"E09000003","Barnet",16528.5,131,0.1,140,0,154,48176,42,13218.3,199,0.1,204,0,200,19723.3,56,8364.3,309,8.5,311,0,257,8395.3,259,-0.7,262,0,173,21712.9,49,0.4,49,0.1,98,25262.1,17,31,21,0.2,46,19914.2,81,23.9,102,0,210,16104.1,137,0.1,149,0,185,41746,45,13169.1,201,0.1,205,0,209,16661,57,7894.6,302,7.8,302,0,243,5011.8,297,-1.1,298,0,173,17479.5,111,0.1,113,0,168,25355.6,20,31.2,21,0.2,42,20275.3,71,24.7,91,0,191
"E09000004","Bexley",15387.4,158,0.1,155,0,193,29389,90,14305.3,179,0.1,179,0,200,13035.3,96,16780.6,146,18.3,175,0,255,9044.8,242,-0.6,245,0,173,17291.2,107,0.1,112,0,172,18812.2,100,23.6,106,0.1,146,13020.6,210,14.3,223,0,232,14732.3,171,0.1,170,0,198,25467,95,13522.2,194,0.1,193,0,203,10756,98,16899.3,140,18.3,175,0,241,9446.2,228,-0.6,230,0,173,14596.5,165,-0.1,156,0,172,20691,58,25.9,61,0.1,101,16997,123,19.8,144,0,251
"E09000005","Brent",22115.9,30,0.2,46,0.1,80,59061,23,18297.1,105,0.1,117,0,133,24383.8,39,15279.8,179,16.4,210,0,257,13533.4,174,-0.2,170,0,168,24742.6,17,0.6,21,0.2,41,29279.8,3,38.1,3,0.5,5,22746.7,43,29.3,59,0.1,108,21445.3,38,0.2,65,0.1,92,50137,27,17690.6,110,0.1,122,0,132,19894.8,42,14477.3,199,15.2,225,0,243,10642.8,210,-0.5,207,0,173,21996.4,45,0.4,49,0.1,68,30661.4,4,42.8,3,0.8,4,22811.3,46,28.7,54,0,180
"E09000006","Bromley",13014.4,211,0.1,189,0.1,121,34997,71,12189.3,223,0.1,208,0,163,15952.8,74,10418.2,281,11.5,274,0,256,8075.4,265,-0.8,270,0,172,19391,78,0.3,74,0.1,75,20267.3,66,24.9,80,0.1,152,13894.8,190,16,197,0,232,12232.8,219,0.1,207,0,135,29540,82,11414.4,231,0.1,224,0,208,12757.5,82,9841.2,281,10.6,277,0,243,6522.5,275,-0.9,280,0,173,15906.4,132,0,132,0.1,121,22995.1,32,27.8,40,0.1,112,15733,140,18.4,166,0,251
"E09000007","Camden",19619.1,65,0.2,66,0.1,76,38989,59,16577.6,135,0.1,134,0,154,17704.5,64,10899.1,271,11.3,280,0,257,16600.7,129,0,138,0,137,22852,34,0.5,35,0.2,46,18144.2,115,22.5,133,0,257,29152.6,4,47.7,5,0.5,5,18655.6,87,0.1,90,0.1,97,34330,63,15925.9,151,0.1,148,0,199,14945.5,66,10337.7,274,10.5,279,0,243,10894.3,207,-0.6,227,0,173,20400.7,70,0.3,69,0.1,72,17780.1,132,21.6,152,0,250,24878.5,22,33.5,35,0.1,66
"E09000008","Croydon",19149.4,72,0.2,90,0.1,131,59704,19,17453.6,117,0.1,133,0,185,25712,30,14136.2,207,15.7,220,0,239,14879.6,155,-0.1,155,0,157,24273.3,21,0.6,22,0.3,23,25824.6,14,31.7,19,0.2,44,19158.7,94,24.1,101,0.1,137,18584.2,89,0.1,97,0.1,115,51702,26,16769.5,128,0.1,143,0,195,20961.3,32,14304.1,203,15.6,220,0,224,14352.6,165,-0.2,165,0,172,20068.8,74,0.3,74,0.1,122,27123.4,15,34,14,0.4,14,20381,69,26,77,0.1,130
"E09000009","Ealing",19828,61,0.2,79,0.1,103,56435,28,16463.4,137,0.1,148,0,171,23650,41,12516.4,248,13.2,259,0,257,15766.8,142,-0.1,145,0,171,24310.1,20,0.6,26,0.2,48,25438.4,16,31.7,18,0.3,28,22555.1,47,28.4,62,0,143,19531.3,63,0.1,94,0.1,114,48235,34,16590.7,136,0.1,146,0,161,19506.8,43,12144.4,246,12.5,253,0,243,12374.1,189,-0.3,189,0,173,19489.7,80,0.2,79,0.1,99,28039.4,11,36.5,6,0.5,9,23725.1,34,30.3,46,0,161
"E09000010","Enfield",22771,20,0.2,25,0.2,36,66570,14,19559.5,77,0.1,88,0,140,25095.3,34,16940.3,143,20.7,144,0,247,12696.2,188,-0.3,189,0,173,24242.6,22,0.6,23,0.2,30,25815,15,32,16,0.2,39,20525.9,72,25,93,0,185,21937.5,30,0.2,41,0.1,65,56010,17,18498.5,92,0.1,104,0,176,20119.5,40,16856,141,20.3,145,0,242,9915.4,221,-0.5,222,0,173,19084.4,84,0.2,89,0,147,29478.9,5,39.7,5,0.6,6,21993.3,53,27.5,65,0,182
"E09000011","Greenwich",22004.4,31,0.2,45,0.1,77,48785,40,19314.9,82,0.1,97,0,152,21060.3,51,15377.3,175,16.8,204,0,257,18540,108,0.2,111,0,173,24528.4,19,0.6,25,0.2,51,22747,35,27.9,44,0.2,57,20430.8,73,24.8,97,0,142,21413.4,39,0.2,57,0.1,120,43334,43,18637.7,90,0.1,107,0,166,17715.5,51,14736.5,193,15.6,218,0,243,16405.4,132,0,134,0,169,22514.7,36,0.5,45,0.1,91,26085.3,17,32.3,17,0.3,20,20159.7,73,24.6,92,0,170
"E09000012","Hackney",25367.1,3,0.2,13,0.2,38,58936,24,22027.3,39,0.1,57,0.1,115,25549.8,32,15353.2,177,17.2,198,0,252,22944.6,55,0.5,61,0.1,94,27101.3,7,0.9,5,0.4,4,28939.7,6,37.1,6,0.5,4,28615.5,8,44.2,6,0.4,16,24634.7,5,0.2,19,0.2,40,52473,23,20677.3,57,0.1,75,0,139,21033.5,31,13748.7,214,15,229,0,239,21637.9,67,0.4,75,0,139,24250.5,15,0.6,20,0.2,30,31221.8,3,42.7,4,0.9,2,26058.4,14,36.1,21,0.2,55
"E09000013","Hammersmith and Fulham",19374.2,69,0.2,75,0.1,83,29910,87,16306.8,140,0.1,146,0,177,13811.5,90,9046.6,302,9.1,306,0,257,19364.5,97,0.2,99,0,118,22793.6,35,0.5,39,0.1,126,20475.8,62,25,79,0.1,158,28682.3,6,44,7,0.4,15,19094.3,78,0.1,88,0.1,108,25704,94,16749.6,130,0.1,133,0,170,11701.8,92,8311.5,299,8.1,300,0,243,16097.8,137,-0.1,141,0,163,21048.9,58,0.3,63,0.1,110,23737.6,30,28.3,34,0.1,150,26012.4,16,35,25,0.1,68
"E09000014","Haringey",22706.7,23,0.2,27,0.2,41,54160,32,19997.3,67,0.1,78,0.1,97,23822.3,40,15580.9,171,18.5,174,0,254,17947.8,115,0.1,118,0,167,26848.8,8,0.8,8,0.3,16,27067.1,10,34.6,10,0.4,9,26961,13,38.2,21,0.2,48,21844.2,31,0.2,42,0.1,66,45603,38,18938.8,83,0.1,93,0,130,18886.8,45,15035.5,184,17.6,190,0,243,15020,154,-0.1,157,0,168,25422.8,9,0.7,11,0.3,25,28056.1,9,35.1,12,0.4,13,25874.1,17,34.4,30,0.1,123
"E09000015","Harrow",16514.7,132,0.1,153,0,207,30733,86,12362.3,217,0.1,223,0,200,12082.5,103,9046.1,303,8.9,307,0,257,7273.8,277,-0.8,271,0,173,18497.9,91,0.1,93,0,197,21162.1,48,25.3,76,0,185,14166.7,182,15.6,204,0,232,16269.8,132,0.1,156,0,201,26735,90,12069.1,220,0.1,227,0,209,9792,109,8315.4,298,8,301,0,243,4760,298,-1,293,0,173,14342.3,166,-0.1,163,0,201,27314.5,14,33.9,15,0.3,24,16503.9,127,19,156,0,251
"E09000016","Havering",16227.4,137,0.1,142,0,143,31568,84,15524.3,160,0.1,165,0,161,14170.3,86,19348.3,89,23.1,126,0,212,12095.3,199,-0.4,200,0,173,20676.2,59,0.3,65,0.1,103,15464.4,180,19.9,192,0,261,12001.7,228,13.4,243,0,232,15178.1,159,0.1,162,0,167,26766,89,14074.2,183,0.1,186,0,204,11171.3,97,19190.2,95,22.6,126,0,198,9832.9,222,-0.5,223,0,173,18056.3,97,0.1,100,0,143,18308.7,118,22.7,136,0,184,14618.8,166,16.7,190,0,251
"E09000017","Hillingdon",17065.5,120,0.1,136,0,209,38231,62,13805.5,193,0.1,199,0,200,15698.3,77,15139.7,185,16.8,203,0,257,13471.2,175,-0.2,175,0,173,22073.9,44,0.4,45,0.2,45,19415.3,86,23.9,98,0.1,157,14983,165,16.9,186,0,232,16509.2,126,0.1,142,0,199,33575,67,13767.7,188,0.1,197,0,209,13440.3,76,15003.8,185,16.4,209,0,243,11646.6,194,-0.4,193,0,173,19392.7,83,0.2,81,0.1,105,23978.7,28,29.6,27,0.2,64,17275.2,117,20.3,136,0,250
"E09000018","Hounslow",18722.3,86,0.1,112,0,191,38307,61,14567.5,175,0.1,186,0,200,15740.3,75,13510.2,224,14.8,232,0,257,14177.8,161,-0.2,161,0,173,23507.7,28,0.5,32,0.1,60,28672.8,7,36.9,7,0.5,6,21655.4,57,26.6,80,0,188,18673.2,86,0.1,111,0,186,34173,64,14821.5,169,0.1,183,0,200,13243.8,77,12471.6,239,13.3,247,0,243,12989.8,181,-0.3,182,0,173,21438.9,55,0.4,61,0.1,95,27890.8,12,35.1,11,0.4,11,23240.4,36,29.8,48,0.1,142
"E09000019","Islington",24050.9,10,0.2,19,0.2,39,45502,47,20966.2,52,0.1,69,0.1,100,21261.5,49,14028.4,213,14.6,239,0,257,22988.1,54,0.5,60,0,108,27644.3,4,0.9,3,0.5,3,25032.4,20,30.4,26,0.2,31,28644.3,7,43.8,8,0.4,18,23301.6,17,0.2,35,0.1,79,40551,47,20245.8,63,0.1,84,0.1,105,18240.5,48,12332.8,244,12.5,255,0,243,20276.5,82,0.3,89,0,166,24433.6,13,0.6,21,0.2,48,24133.7,27,28.2,35,0,197,26061.4,13,35.4,23,0.2,52
"E09000020","Kensington and Chelsea",14414,177,0.1,137,0.1,57,21050,120,12418.4,215,0.1,191,0.1,105,9722,124,6175.3,321,6.1,321,0,257,10134.4,229,-0.9,284,0,162,22192.8,39,0.4,46,0.1,66,25979.1,13,31.9,17,0.2,33,30822.5,2,55,2,0.8,2,13962.5,187,0.1,137,0.2,48,18502,122,12503.4,211,0.1,179,0.1,84,8196.5,126,5295.1,313,5.2,315,0,243,6985.2,270,-1.2,307,0,173,20751.8,64,0.3,68,0.1,87,28557,7,36.1,9,0.4,10,28690.6,3,42,6,0.4,13
"E09000021","Kingston upon Thames",11075.2,247,0.1,252,0,203,14280,169,7558.6,298,0.1,296,0,200,6324.8,190,7326.7,315,7.4,315,0,257,4967.7,306,-1.1,305,0,173,14042.9,167,-0.2,159,0,182,17989.8,119,22.3,138,0,216,20879.5,65,25.9,86,0.1,112,11391.6,236,0.1,242,0,192,13293,166,8638.4,281,0.1,282,0,209,5718.8,181,7002.7,306,6.9,307,0,243,5470.8,289,-1,287,0,173,11848.6,207,-0.3,205,0,201,20641.3,60,24.7,83,0,200,20231.1,72,24.7,90,0,198
"E09000022","Lambeth",22288.2,27,0.2,42,0.1,102,59104,22,18730.6,96,0.1,111,0,137,26935.5,22,11528.8,263,11.5,277,0,257,19136,101,0.2,107,0,121,28606.3,1,1,1,0.5,1,24435.8,25,29.8,30,0.2,43,28407.2,9,43.4,9,0.4,17,20983.2,45,0.2,70,0,137,48928,31,17311.7,118,0.1,136,0,187,21179,30,10677.9,267,10.5,280,0,243,18598.8,99,0.1,103,0,136,23226.8,26,0.5,29,0.1,59,24286.8,26,28.4,31,0,195,28937.8,2,44.4,3,0.4,11
"E09000023","Lewisham",23100.9,18,0.2,36,0.1,104,56133,29,20501.2,58,0.1,80,0,155,24977.8,36,14087.1,211,15,229,0,257,19282.8,98,0.2,103,0,160,26162.1,10,0.8,14,0.3,20,25029.4,21,30.4,25,0.2,47,25932.7,17,36,27,0.2,67,22217.2,28,0.2,50,0.1,122,48333,33,19342,76,0.1,99,0,146,20378,37,13445.4,223,13.9,239,0,243,17636.2,115,0.1,120,0,171,21786.7,50,0.4,57,0.1,109,27807.6,13,34.8,13,0.4,12,26197,11,36.4,20,0.2,40
"E09000024","Merton",14111.1,185,0.1,180,0,186,23370,108,10866.7,246,0.1,245,0,200,9988.3,118,9969.6,288,10.4,291,0,257,9331.4,236,-0.6,248,0,173,19368,79,0.2,82,0.1,121,15066.1,195,19.6,206,0,254,22030.7,53,27.5,70,0,140,14087,184,0.1,181,0,181,20586,114,10933.5,241,0.1,238,0,209,8321.8,124,9047.2,288,9.2,290,0,243,9260.8,234,-0.6,243,0,173,15738.5,139,-0.1,136,0,181,17907.6,128,22.2,145,0,220,23193.2,38,29.6,50,0,162
"E09000025","Newham",24757.7,6,0.2,20,0.1,89,67941,13,20379.8,61,0.1,91,0,165,27014,21,19096,98,20.8,143,0,257,20056.1,87,0.3,93,0,159,28223.6,2,1,2,0.5,2,30923.4,1,41.9,1,0.8,1,25260.8,21,33.7,38,0.1,95,23168,19,0.2,44,0,142,56769,15,17778.8,107,0.1,137,0,185,20831.8,35,17121.4,134,17.8,186,0,243,16231.9,136,0,135,0,170,22834.5,29,0.5,35,0.1,77,32336.6,1,49.3,1,1,1,24540.7,25,32.5,40,0.1,93
"E09000026","Redbridge",18900.3,84,0.2,105,0,171,42898,50,15559.3,158,0.1,171,0,195,17259,67,11820.7,260,11.9,273,0,257,11788.8,202,-0.4,202,0,173,24124.3,23,0.6,27,0.1,57,24152.8,27,29.2,34,0.1,103,19590.1,85,23.5,107,0,180,17685.5,110,0.1,132,0,177,35863,58,13372.1,195,0.1,208,0,206,13017.3,80,11277.8,260,11.1,270,0,243,7444.1,265,-0.7,261,0,173,20354.9,71,0.3,71,0.1,120,23376.2,31,28,36,0.1,144,20635.3,67,25.2,82,0,205
"E09000027","Richmond upon Thames",8576.9,293,0.1,292,0,211,13666,178,6774.8,313,0.1,308,0,200,6584.8,184,3927.7,326,4,326,0,257,3493.8,319,-1.4,321,0,173,17699.5,105,0.1,106,0,216,15237.5,190,19.8,201,0,228,22493.4,48,28,64,0,177,8767.3,285,0.1,283,0,201,12371,179,7627.3,297,0.1,291,0,196,5816,177,3528.7,317,3.5,317,0,243,3290.6,310,-1.4,311,0,173,15404.3,146,-0.1,146,0,197,12828.8,242,17.5,242,0,250,21705.8,55,26.6,69,0,251
"E09000028","Southwark",22443.4,25,0.2,37,0.1,75,57935,26,19159.4,86,0.1,101,0,188,25971.3,26,13103.5,236,13.3,258,0,257,19999.6,89,0.3,95,0,134,27102,6,0.9,6,0.4,8,24913.1,22,30.8,23,0.2,35,27723.2,11,41.1,13,0.3,25,21355,40,0.2,54,0.1,102,49900,29,17890.9,106,0.1,123,0,207,20959.5,33,11263.6,262,11.1,271,0,243,18240.1,107,0.1,112,0,156,22487.7,37,0.5,40,0.2,52,26853.8,16,32.7,16,0.2,50,26080,12,36,22,0.2,48
"E09000029","Sutton",13697.3,192,0.1,191,0,172,21425,116,12239,219,0.1,215,0,180,9931.8,120,11629.1,262,12.6,267,0,250,11013.7,211,-0.5,211,0,149,18649.7,88,0.2,91,0,177,15338,186,19.8,199,0,253,16297,134,19.1,153,0,229,13312,199,0.1,197,0,169,18870,118,12008.2,223,0.1,217,0,154,8299.3,125,11318.2,259,12,263,0,238,9551.5,225,-0.6,232,0,173,14074.4,172,-0.2,172,0,201,18566.7,110,22.8,134,0,239,17857.3,105,21.3,126,0,245
"E09000030","Tower Hamlets",25624.1,2,0.3,6,0.3,8,66389,15,19994,68,0.1,76,0.1,118,25850,28,16654.5,151,18.8,167,0,252,23257.3,47,0.5,56,0.1,98,25365.6,13,0.8,13,0.4,5,29089.6,5,37.7,4,0.6,2,27007.8,12,39.8,16,0.3,35,23902.9,10,0.2,23,0.2,55,56191,16,18064.2,101,0.1,114,0,202,20889.5,34,15428,176,16.9,201,0,239,19333.3,95,0.2,98,0,151,22835.7,28,0.5,33,0.2,35,25818.1,19,30.5,24,0.1,153,24554.1,24,33.2,36,0.1,71
"E09000031","Waltham Forest",22759.1,21,0.2,40,0.1,90,50502,38,19861.4,71,0.1,99,0.1,128,21481.5,46,17236.4,140,18.7,169,0,257,18271.3,110,0.1,114,0,173,27260.3,5,0.9,7,0.4,13,29429,2,38.4,2,0.6,3,25539.5,19,35.4,29,0.2,53,21174.6,43,0.2,72,0.1,111,41052,46,17533.2,111,0.1,135,0,160,16108,61,16218.9,155,17,199,0,243,14437.3,161,-0.2,162,0,173,21961.7,46,0.4,56,0,137,28669.3,6,36.5,7,0.5,8,25529.8,19,34.3,33,0.2,55
"E09000032","Wandsworth",15537.3,149,0.1,154,0,147,39027,58,11170.9,240,0.1,236,0,197,17094.8,70,7358.7,314,7.3,316,0,257,12562.5,190,-0.3,194,0,169,22396.3,38,0.4,44,0.1,69,19644.2,77,24.6,86,0.1,106,26639.1,14,38.2,20,0.2,45,15134.7,162,0.1,167,0,180,33856,65,11027.8,238,0.1,241,0,209,14180,72,6838,308,6.6,308,0,243,11755.8,193,-0.4,196,0,173,17975.9,101,0.1,103,0,152,22221.2,39,27,47,0.1,122,24522.8,26,32.5,39,0.1,107
"E09000033","Westminster",18162.6,98,0.2,69,0.1,54,38072,63,14749.1,170,0.1,149,0.1,85,16930.3,71,8805.9,305,8.8,309,0,257,14358.2,160,-0.3,187,0,124,22177.9,40,0.4,42,0.1,61,27914.8,8,35.1,9,0.4,14,30685.5,3,54.8,3,0.8,3,16667.5,121,0.1,101,0.1,76,32018,73,14096.2,182,0.1,160,0.1,87,14187.5,71,8630.1,293,8.5,297,0,243,9103.6,238,-0.9,272,0,167,17774.9,105,0.1,106,0.1,102,19435.9,83,23.1,129,0,250,27971.7,4,40.9,8,0.4,17
